EPOCH,Time Consumed,Total Frames,Running_Average_Rewards,Train_Epoch_Reward,Running_Training_Average_Rewards,Explore_Time,Train___Time,Eval____Time,push-v1_success_rate,push-v1_eval_rewards,mean_success_rate,Reward_Mean_Mean,Reward_Mean_Std,Reward_Mean_Max,Reward_Mean_Min,alpha_0_Mean,alpha_0_Std,alpha_0_Max,alpha_0_Min,Alpha_loss_Mean,Alpha_loss_Std,Alpha_loss_Max,Alpha_loss_Min,Training/policy_loss_Mean,Training/policy_loss_Std,Training/policy_loss_Max,Training/policy_loss_Min,Training/qf1_loss_Mean,Training/qf1_loss_Std,Training/qf1_loss_Max,Training/qf1_loss_Min,Training/qf2_loss_Mean,Training/qf2_loss_Std,Training/qf2_loss_Max,Training/qf2_loss_Min,Training/pf_norm_Mean,Training/pf_norm_Std,Training/pf_norm_Max,Training/pf_norm_Min,Training/qf1_norm_Mean,Training/qf1_norm_Std,Training/qf1_norm_Max,Training/qf1_norm_Min,Training/qf2_norm_Mean,Training/qf2_norm_Std,Training/qf2_norm_Max,Training/qf2_norm_Min,log_std/mean_Mean,log_std/mean_Std,log_std/mean_Max,log_std/mean_Min,log_std/std_Mean,log_std/std_Std,log_std/std_Max,log_std/std_Min,log_std/max_Mean,log_std/max_Std,log_std/max_Max,log_std/max_Min,log_std/min_Mean,log_std/min_Std,log_std/min_Max,log_std/min_Min,log_prob_0_Mean,log_prob_0_Std,log_prob_0_Max,log_prob_0_Min,log_probs/mean_Mean,log_probs/mean_Std,log_probs/mean_Max,log_probs/mean_Min,log_probs/std_Mean,log_probs/std_Std,log_probs/std_Max,log_probs/std_Min,log_probs/max_Mean,log_probs/max_Std,log_probs/max_Max,log_probs/max_Min,log_probs/min_Mean,log_probs/min_Std,log_probs/min_Max,log_probs/min_Min,mean/mean_Mean,mean/mean_Std,mean/mean_Max,mean/mean_Min,mean/std_Mean,mean/std_Std,mean/std_Max,mean/std_Min,mean/max_Mean,mean/max_Std,mean/max_Max,mean/max_Min,mean/min_Mean,mean/min_Std,mean/min_Max,mean/min_Min
0,12.028834104537964,4200,-99.44097,-31.77252,-19.89262,0.53742,10.80446,0.67848,0.00000,-99.44097,0.00000,-0.13649,0.01051,-0.09926,-0.16150,0.97043,0.01681,0.99970,0.94175,-0.20106,0.11667,-0.00000,-0.40248,-5.28991,0.77291,-2.66596,-6.06068,0.70885,1.48011,6.54434,0.04972,0.70712,1.45718,6.51143,0.05016,0.27460,0.13653,1.27654,0.11411,5.64007,8.78589,34.05819,0.03521,5.89767,9.97725,43.76550,0.02339,-0.13036,0.01810,0.00164,-0.16714,0.00635,0.00289,0.01346,0.00122,-0.12145,0.01776,0.00587,-0.14759,-0.13835,0.01922,-0.00493,-0.17585,-2.73215,0.00844,-2.66791,-2.75602,-2.73215,0.00844,-2.66791,-2.75602,0.24240,0.02745,0.43254,0.20751,-2.12455,0.11500,-1.29939,-2.26874,-4.97093,0.75672,-3.65306,-10.32087,-0.00172,0.00523,0.01147,-0.01157,0.01258,0.00523,0.03713,0.00419,0.01474,0.00916,0.04917,-0.00249,-0.01773,0.00963,0.00039,-0.04366
1,12.659061431884766,4400,-92.84795,-30.06933,-20.06924,0.53635,11.36901,0.74605,0.00000,-86.25492,0.00000,-0.13675,0.01027,-0.10312,-0.15791,0.91391,0.01583,0.94146,0.88689,-0.60529,0.11670,-0.40531,-0.80609,-6.56994,0.39531,-5.91213,-7.31083,0.18483,0.06508,0.39701,0.04748,0.18488,0.06518,0.39901,0.04361,0.17943,0.04915,0.35433,0.06421,1.36730,1.15078,5.24069,0.03004,1.53759,1.11297,5.82065,0.05644,-0.12901,0.00462,-0.11496,-0.13862,0.00577,0.00202,0.01161,0.00060,-0.12130,0.00539,-0.10911,-0.13257,-0.13636,0.00598,-0.11842,-0.15054,-2.73470,0.00707,-2.71819,-2.75682,-2.73470,0.00707,-2.71819,-2.75682,0.24148,0.01341,0.28381,0.20769,-2.12671,0.04160,-2.01515,-2.21171,-5.05694,0.67214,-3.66551,-8.29081,-0.00103,0.00559,0.01156,-0.01467,0.01116,0.00470,0.02292,0.00309,0.01428,0.01116,0.04469,-0.00868,-0.01425,0.00690,-0.00084,-0.02845
2,14.730541467666626,4600,-89.28614,-32.25816,-20.25237,0.57555,13.39028,0.75787,0.00000,-82.16253,0.00000,-0.13757,0.01130,-0.10471,-0.16028,0.86068,0.01491,0.88662,0.83524,-1.00932,0.11665,-0.80905,-1.21185,-8.01944,0.45021,-7.18046,-8.85905,0.17643,0.07364,0.39185,0.03973,0.17865,0.07306,0.41010,0.04121,0.14916,0.03647,0.25365,0.05236,2.88503,1.95424,7.63898,0.07605,3.54913,2.76761,12.36626,0.07735,-0.12673,0.00470,-0.11272,-0.13640,0.00575,0.00235,0.01115,0.00136,-0.11937,0.00585,-0.10729,-0.13353,-0.13423,0.00480,-0.12378,-0.14350,-2.73395,0.00678,-2.71514,-2.75303,-2.73395,0.00678,-2.71514,-2.75303,0.24061,0.01458,0.27871,0.19366,-2.12288,0.04170,-1.99122,-2.23137,-4.94678,0.65330,-3.85998,-7.35840,0.00019,0.00351,0.00927,-0.00517,0.01148,0.00374,0.02141,0.00424,0.01557,0.00625,0.03026,0.00205,-0.01335,0.00676,0.00554,-0.02552
3,14.495292901992798,4800,-89.99932,-42.39047,-20.87552,0.56998,13.18528,0.73289,0.00000,-92.13885,0.00000,-0.13889,0.01145,-0.10511,-0.16242,0.81055,0.01404,0.83499,0.78660,-1.41339,0.11669,-1.21027,-1.61465,-9.51871,0.43504,-8.74489,-10.33488,0.17947,0.07332,0.40388,0.03478,0.17849,0.07402,0.39107,0.03610,0.13439,0.03698,0.25349,0.04109,4.25447,3.10538,14.43148,0.09223,3.88424,2.91592,14.69759,0.07956,-0.12359,0.00594,-0.11061,-0.13904,0.00533,0.00203,0.00972,0.00140,-0.11558,0.00736,-0.09982,-0.13356,-0.12969,0.00560,-0.11623,-0.14694,-2.73405,0.00635,-2.71737,-2.75265,-2.73405,0.00635,-2.71737,-2.75265,0.24124,0.01343,0.27873,0.19963,-2.11114,0.04553,-1.97657,-2.22935,-4.86936,0.60418,-3.89815,-7.89726,-0.00064,0.00371,0.00596,-0.00820,0.00921,0.00368,0.01565,0.00128,0.01180,0.00753,0.03047,-0.00678,-0.01208,0.00471,-0.00216,-0.02165
4,14.506824493408203,5000,-88.94942,-35.16585,-21.14189,0.55940,13.20319,0.73738,0.00000,-84.74984,0.00000,-0.14143,0.01022,-0.10613,-0.16138,0.76335,0.01322,0.78636,0.74079,-1.81725,0.11680,-1.61696,-2.02337,-10.97734,0.41837,-10.16952,-11.78272,0.16751,0.06780,0.38839,0.03496,0.16660,0.06938,0.38064,0.03352,0.12224,0.03086,0.21880,0.05892,6.31926,4.76300,21.12148,0.12055,5.66593,4.90028,27.18666,0.16372,-0.12331,0.00570,-0.11483,-0.13967,0.00567,0.00195,0.01001,0.00182,-0.11584,0.00614,-0.10587,-0.13401,-0.13062,0.00649,-0.11816,-0.15041,-2.73340,0.00695,-2.71447,-2.75120,-2.73340,0.00695,-2.71447,-2.75120,0.24280,0.01560,0.31117,0.20737,-2.10341,0.04657,-1.97019,-2.22249,-4.96656,0.69195,-3.72000,-7.10891,-0.00135,0.00452,0.00561,-0.01493,0.00903,0.00427,0.01891,0.00105,0.01160,0.01064,0.03391,-0.01134,-0.01202,0.00511,-0.00184,-0.02485
5,14.448484420776367,5200,-86.43224,-30.46584,-21.22900,0.57810,13.14858,0.71529,0.00000,-73.84634,0.00000,-0.14172,0.00991,-0.11153,-0.16077,0.71890,0.01245,0.74057,0.69765,-2.22135,0.11658,-2.02044,-2.42059,-12.38663,0.38987,-11.66905,-13.11754,0.15848,0.06353,0.35729,0.03045,0.15724,0.06376,0.36199,0.03407,0.11458,0.03285,0.23750,0.04286,6.10864,4.78200,23.01257,0.12048,5.63906,4.55857,24.22716,0.10476,-0.12289,0.00644,-0.10977,-0.13706,0.00566,0.00227,0.01228,0.00166,-0.11545,0.00782,-0.09590,-0.12913,-0.12993,0.00659,-0.11543,-0.14540,-2.73372,0.00674,-2.70892,-2.75822,-2.73372,0.00674,-2.70892,-2.75822,0.24464,0.01341,0.28343,0.21207,-2.10060,0.04585,-1.96143,-2.22046,-4.97827,0.69864,-3.93324,-8.82821,-0.00176,0.00494,0.01024,-0.01110,0.01185,0.00423,0.02023,0.00251,0.01519,0.00976,0.03136,-0.00748,-0.01577,0.00504,-0.00353,-0.02798
6,14.387521743774414,5400,-84.87403,-24.49732,-21.12151,0.56936,13.07466,0.73640,0.00000,-75.52474,0.00000,-0.14071,0.00906,-0.11270,-0.16207,0.67703,0.01173,0.69744,0.65703,-2.62525,0.11643,-2.42576,-2.82974,-13.71209,0.38480,-13.00897,-14.47178,0.15515,0.05804,0.33449,0.02821,0.15745,0.05969,0.32746,0.03151,0.10465,0.03072,0.21511,0.04525,7.53721,5.93873,28.24004,0.18152,8.29033,6.84540,35.35939,0.09792,-0.12067,0.00526,-0.10501,-0.13361,0.00629,0.00190,0.00989,0.00179,-0.11167,0.00612,-0.09545,-0.12448,-0.12804,0.00563,-0.11348,-0.14409,-2.73342,0.00750,-2.71272,-2.75023,-2.73342,0.00750,-2.71272,-2.75023,0.24550,0.01347,0.28767,0.21453,-2.08628,0.05182,-1.92012,-2.23763,-4.93818,0.63058,-3.96475,-7.21276,-0.00254,0.00371,0.00394,-0.01184,0.01255,0.00371,0.02061,0.00603,0.01467,0.00667,0.02420,-0.00086,-0.01842,0.00633,-0.00651,-0.03890
7,14.379936695098877,5600,-84.13708,-32.77240,-21.25745,0.56101,13.05084,0.76129,0.00000,-78.97844,0.00000,-0.14291,0.00927,-0.11435,-0.16194,0.63761,0.01104,0.65683,0.61876,-3.02930,0.11692,-2.82846,-3.22961,-14.92768,0.35039,-14.28370,-15.56184,0.14474,0.06249,0.36870,0.02161,0.14378,0.06182,0.37823,0.02342,0.09834,0.03213,0.20051,0.01986,9.94744,8.39828,44.77353,0.20998,10.64908,7.63490,44.58258,0.26180,-0.12186,0.00536,-0.11296,-0.13298,0.00654,0.00199,0.01054,0.00053,-0.11232,0.00629,-0.10288,-0.13062,-0.12963,0.00645,-0.11894,-0.14550,-2.73355,0.00647,-2.71670,-2.75462,-2.73355,0.00647,-2.71670,-2.75462,0.24513,0.01488,0.29952,0.21328,-2.08973,0.04679,-1.97930,-2.20350,-4.95006,0.67519,-4.01292,-9.66580,-0.00091,0.00517,0.01240,-0.01008,0.01204,0.00335,0.01955,0.00425,0.01551,0.00809,0.03292,-0.00283,-0.01513,0.00864,-0.00321,-0.03801
8,14.47994613647461,5800,-83.04917,-35.64993,-21.46890,0.56011,13.19616,0.71586,0.00000,-74.34592,0.00000,-0.14258,0.00892,-0.11221,-0.16142,0.60048,0.01040,0.61858,0.58273,-3.43333,0.11681,-3.23130,-3.63814,-16.06274,0.32399,-15.45682,-16.66488,0.14656,0.06064,0.32331,0.02175,0.14188,0.05821,0.34891,0.02048,0.08934,0.02538,0.17030,0.03049,10.16811,8.63120,44.88874,0.47870,8.83793,6.81945,30.80554,0.15995,-0.12191,0.00500,-0.11269,-0.13288,0.00613,0.00172,0.00909,0.00251,-0.11360,0.00555,-0.09894,-0.12602,-0.12938,0.00591,-0.11850,-0.14609,-2.73360,0.00646,-2.71741,-2.75169,-2.73360,0.00646,-2.71741,-2.75169,0.24511,0.01544,0.30296,0.20854,-2.09594,0.04374,-1.96159,-2.19812,-4.91577,0.68671,-3.55768,-8.39932,-0.00455,0.00391,0.00222,-0.01387,0.01137,0.00284,0.01747,0.00494,0.01322,0.00622,0.02546,-0.00354,-0.01632,0.00495,-0.00694,-0.02737
9,14.37559723854065,6000,-83.26246,-30.46572,-21.48859,0.56306,13.06583,0.74051,0.00000,-85.18203,0.00000,-0.14431,0.00920,-0.11876,-0.16226,0.56551,0.00979,0.58256,0.54879,-3.83745,0.11675,-3.63526,-4.04344,-17.12530,0.33013,-16.40872,-17.75708,0.13947,0.06570,0.32014,0.01890,0.13447,0.06071,0.27754,0.02088,0.08066,0.02084,0.15781,0.03275,13.69836,10.52366,55.37094,0.31599,12.48822,8.76698,51.69347,0.36605,-0.12258,0.00483,-0.10998,-0.13093,0.00687,0.00144,0.01015,0.00415,-0.11458,0.00565,-0.10017,-0.12501,-0.13216,0.00520,-0.11934,-0.14294,-2.73378,0.00724,-2.71626,-2.75483,-2.73378,0.00724,-2.71626,-2.75483,0.24521,0.01339,0.29782,0.22015,-2.08920,0.04327,-1.98344,-2.21927,-4.93161,0.70411,-3.80900,-7.45279,-0.00250,0.00449,0.00466,-0.01180,0.01291,0.00517,0.02124,0.00252,0.01681,0.01175,0.03718,-0.00469,-0.01697,0.00665,-0.00127,-0.02867
10,14.371179342269897,6200,-83.08157,-34.84016,-21.89842,0.56227,13.06874,0.73326,0.00000,-81.27270,0.00000,-0.14392,0.00908,-0.11612,-0.16060,0.53257,0.00923,0.54863,0.51683,-4.24192,0.11659,-4.03810,-4.43958,-18.07795,0.26588,-17.57410,-18.68519,0.13931,0.06658,0.38131,0.01904,0.13217,0.05724,0.29354,0.02263,0.08894,0.02790,0.18732,0.03818,11.99562,10.91121,56.34217,0.20748,9.36508,7.15615,33.76455,0.35597,-0.12121,0.00515,-0.10986,-0.13399,0.00677,0.00246,0.01181,0.00307,-0.11230,0.00565,-0.09665,-0.12306,-0.12947,0.00641,-0.11921,-0.14558,-2.73445,0.00673,-2.71524,-2.75172,-2.73445,0.00673,-2.71524,-2.75172,0.24620,0.01373,0.28343,0.21419,-2.09433,0.04678,-1.94195,-2.20771,-4.96681,0.64399,-3.94306,-7.58503,-0.00345,0.00415,0.00517,-0.01313,0.01163,0.00476,0.02016,0.00352,0.01319,0.01083,0.03776,-0.00822,-0.01648,0.00718,-0.00348,-0.03368
11,14.39254879951477,6400,-82.59527,-39.35686,-22.29254,0.55897,13.10681,0.71981,0.00000,-77.24599,0.00000,-0.14668,0.00924,-0.10850,-0.16348,0.50156,0.00869,0.51668,0.48674,-4.64530,0.11630,-4.44577,-4.85184,-18.94458,0.26686,-18.40369,-19.55198,0.12030,0.05817,0.35864,0.01818,0.13143,0.05978,0.38509,0.02057,0.07884,0.02737,0.18713,0.03200,10.86846,6.50803,28.54568,0.38201,14.41967,10.24209,45.94526,0.49322,-0.12103,0.00591,-0.10957,-0.14080,0.00797,0.00152,0.01176,0.00526,-0.11139,0.00518,-0.10132,-0.12532,-0.13202,0.00762,-0.11768,-0.15295,-2.73343,0.00689,-2.71528,-2.75139,-2.73343,0.00689,-2.71528,-2.75139,0.24790,0.01314,0.28751,0.21995,-2.07711,0.05064,-1.91271,-2.24588,-5.00102,0.69849,-3.78610,-8.12748,-0.00527,0.00441,0.00425,-0.01325,0.01432,0.00512,0.02553,0.00536,0.01463,0.00490,0.02679,0.00717,-0.02377,0.01159,-0.00317,-0.05399
12,14.554877758026123,6600,-81.74989,-27.94428,-22.10516,0.56246,13.24611,0.73944,0.00000,-71.60535,0.00000,-0.14640,0.00826,-0.11735,-0.16276,0.47235,0.00818,0.48659,0.45839,-5.04928,0.11685,-4.84710,-5.24635,-19.75116,0.23296,-19.28660,-20.24646,0.12011,0.05478,0.28939,0.01811,0.12721,0.05745,0.33671,0.01536,0.07815,0.02529,0.16767,0.02537,12.59549,9.08674,44.89045,0.25302,15.91992,10.96669,45.34137,0.33647,-0.12049,0.00554,-0.10937,-0.13853,0.00699,0.00143,0.00971,0.00349,-0.11084,0.00550,-0.10279,-0.12922,-0.12898,0.00596,-0.11556,-0.14948,-2.73342,0.00654,-2.71407,-2.75257,-2.73342,0.00654,-2.71407,-2.75257,0.24731,0.01342,0.29877,0.21575,-2.06383,0.05349,-1.89917,-2.22078,-4.85564,0.65380,-3.81139,-7.04020,-0.00851,0.00338,-0.00017,-0.01550,0.01682,0.00557,0.03058,0.00672,0.01416,0.00941,0.04154,-0.00248,-0.03037,0.00863,-0.01581,-0.04565
13,14.450930833816528,6800,-80.81298,-29.80327,-25.57622,0.57152,13.11275,0.75952,0.00000,-68.63309,0.00000,-0.14640,0.00862,-0.12028,-0.16175,0.44485,0.00770,0.45825,0.43170,-5.45265,0.11666,-5.24666,-5.66271,-20.47573,0.22447,-20.01794,-20.85962,0.12529,0.06348,0.50139,0.01416,0.12486,0.06385,0.37322,0.01394,0.07738,0.02967,0.19667,0.02520,15.89090,10.88600,68.92364,0.60363,16.50595,11.24229,71.16078,0.32693,-0.12183,0.00501,-0.11234,-0.13275,0.00628,0.00252,0.01201,0.00288,-0.11373,0.00487,-0.10216,-0.12465,-0.13075,0.00681,-0.11668,-0.14517,-2.73268,0.00739,-2.71162,-2.75232,-2.73268,0.00739,-2.71162,-2.75232,0.24565,0.01415,0.28731,0.21485,-2.07455,0.05034,-1.92247,-2.17910,-4.85654,0.63005,-3.80244,-7.31345,-0.00992,0.00407,-0.00299,-0.01890,0.01258,0.00525,0.02467,0.00143,0.00685,0.00734,0.03077,-0.00686,-0.02520,0.00858,-0.00813,-0.04511
14,14.316473960876465,7000,-79.88586,-21.34986,-25.05349,0.55628,13.03751,0.71601,0.00000,-66.90619,0.00000,-0.14431,0.00824,-0.12001,-0.16074,0.41894,0.00725,0.43157,0.40656,-5.85646,0.11636,-5.65437,-6.06487,-21.17341,0.21329,-20.59447,-21.69282,0.12591,0.06398,0.41088,0.01807,0.12647,0.06078,0.38577,0.01526,0.06329,0.02045,0.14209,0.02290,14.35459,12.79780,74.38239,0.28437,16.77924,11.31684,73.12527,0.48093,-0.12179,0.00441,-0.11237,-0.13092,0.00617,0.00115,0.00838,0.00351,-0.11373,0.00503,-0.10171,-0.12467,-0.13119,0.00491,-0.11992,-0.14481,-2.73258,0.00688,-2.71329,-2.75224,-2.73258,0.00688,-2.71329,-2.75224,0.24672,0.01320,0.29628,0.21548,-2.06806,0.04449,-1.93204,-2.20940,-4.87346,0.59717,-3.75355,-7.43329,-0.00855,0.00304,-0.00230,-0.01712,0.01702,0.00238,0.02160,0.01148,0.01468,0.00919,0.03353,-0.00426,-0.02974,0.00552,-0.01919,-0.04154
15,14.545212745666504,7200,-79.05049,-24.16893,-25.04278,0.55624,13.23675,0.74613,0.00000,-66.51997,0.00000,-0.14465,0.00832,-0.11539,-0.16013,0.39455,0.00683,0.40644,0.38289,-6.26098,0.11719,-6.05834,-6.47272,-21.80717,0.19447,-21.22867,-22.19947,0.11496,0.05721,0.45728,0.01640,0.11151,0.05394,0.28011,0.01372,0.07637,0.03578,0.25377,0.02564,15.17103,9.45161,56.29036,0.30056,13.84484,9.00995,36.55635,0.43205,-0.12242,0.00507,-0.10873,-0.13099,0.00751,0.00128,0.01072,0.00485,-0.11178,0.00504,-0.09859,-0.12211,-0.13322,0.00566,-0.11936,-0.14361,-2.73321,0.00753,-2.71755,-2.75835,-2.73321,0.00753,-2.71755,-2.75835,0.24735,0.01463,0.28935,0.21945,-2.07516,0.04780,-1.91635,-2.17637,-4.92745,0.64200,-3.85512,-8.64154,-0.00641,0.00331,0.00028,-0.01427,0.01799,0.00192,0.02085,0.01346,0.01904,0.00537,0.02861,0.00697,-0.02699,0.00548,-0.01415,-0.03618
16,14.431689739227295,7400,-78.43481,-37.42532,-25.18442,0.56284,13.12250,0.74074,0.00000,-68.58389,0.00000,-0.14538,0.00824,-0.11595,-0.16191,0.37158,0.00643,0.38277,0.36060,-6.66278,0.11734,-6.45181,-6.87128,-22.31534,0.18359,-21.92560,-22.73244,0.11100,0.05801,0.32674,0.01397,0.12725,0.06968,0.42731,0.01459,0.07660,0.04208,0.27948,0.01729,12.19431,10.14781,55.67073,0.52936,18.61018,15.07359,76.49163,0.38438,-0.12079,0.00901,-0.09727,-0.13769,0.00699,0.00203,0.01373,0.00246,-0.11124,0.00834,-0.08899,-0.12958,-0.13187,0.00993,-0.10842,-0.15244,-2.73106,0.00705,-2.71184,-2.75029,-2.73106,0.00705,-2.71184,-2.75029,0.25058,0.01508,0.28968,0.21008,-2.02653,0.07062,-1.85338,-2.18828,-4.93285,0.70910,-3.71680,-8.15093,-0.01195,0.00839,0.02690,-0.02780,0.02131,0.00329,0.02835,0.01520,0.01961,0.01185,0.06516,0.00449,-0.03573,0.00673,-0.01092,-0.05282
17,14.336827039718628,7600,-77.85357,-28.99079,-25.12575,0.56509,13.03597,0.72992,0.00000,-67.97255,0.00000,-0.14614,0.00795,-0.11923,-0.16119,0.34994,0.00606,0.36049,0.33960,-7.06741,0.11690,-6.86112,-7.27018,-22.80362,0.17331,-22.43014,-23.14816,0.10189,0.05260,0.27516,0.01258,0.11474,0.05973,0.28747,0.01376,0.05525,0.02260,0.15100,0.01553,13.40108,8.55660,33.28760,0.41835,18.79046,13.70037,58.14674,0.22385,-0.11920,0.00390,-0.10999,-0.12819,0.00670,0.00168,0.01112,0.00404,-0.10948,0.00474,-0.09640,-0.12325,-0.13041,0.00415,-0.12019,-0.14151,-2.73187,0.00696,-2.71052,-2.74811,-2.73187,0.00696,-2.71052,-2.74811,0.25142,0.01405,0.29643,0.21244,-2.03892,0.05459,-1.87925,-2.17682,-4.95017,0.68671,-3.73650,-7.60195,-0.01273,0.00248,-0.00676,-0.01676,0.02003,0.00383,0.02824,0.01393,0.01279,0.00889,0.03822,0.00291,-0.03918,0.00371,-0.03090,-0.04635
18,14.401314496994019,7800,-77.08823,-27.53250,-24.97414,0.56187,13.10302,0.72973,0.00000,-63.31204,0.00000,-0.14514,0.00860,-0.11273,-0.15978,0.32956,0.00571,0.33950,0.31982,-7.47182,0.11657,-7.26623,-7.68044,-23.24495,0.15738,-22.78606,-23.56695,0.10884,0.05893,0.31683,0.01276,0.10850,0.05611,0.34809,0.01978,0.07117,0.03619,0.19020,0.01801,13.61818,11.51332,59.84890,0.80921,15.08954,9.93298,58.08763,0.88692,-0.12050,0.00559,-0.10918,-0.13195,0.00987,0.00197,0.01282,0.00541,-0.10674,0.00649,-0.09238,-0.12129,-0.13885,0.00683,-0.12307,-0.15268,-2.73236,0.00706,-2.71575,-2.74963,-2.73236,0.00706,-2.71575,-2.74963,0.25099,0.01435,0.29628,0.21041,-2.04090,0.05565,-1.86588,-2.15705,-4.91548,0.65921,-3.72666,-7.65332,-0.01238,0.00526,-0.00460,-0.02276,0.01873,0.00376,0.02601,0.01328,0.01163,0.00525,0.02153,0.00206,-0.03849,0.01043,-0.02041,-0.05831
19,14.842048168182373,8000,-76.44961,-32.17180,-24.74611,0.56475,13.53215,0.73856,0.00000,-64.31578,0.00000,-0.14617,0.00786,-0.11599,-0.16135,0.31037,0.00537,0.31973,0.30120,-7.87405,0.11588,-7.66250,-8.08667,-23.66052,0.12791,-23.37656,-23.97952,0.09134,0.04906,0.29032,0.01434,0.09008,0.04865,0.28662,0.01473,0.04290,0.01246,0.07870,0.01476,10.17987,4.52476,19.76803,1.29519,10.21470,4.14122,19.31919,1.17137,-0.11781,0.00441,-0.10786,-0.12853,0.00887,0.00110,0.01027,0.00652,-0.10043,0.00385,-0.09184,-0.10973,-0.13699,0.00509,-0.12614,-0.15034,-2.73095,0.00768,-2.70705,-2.75305,-2.73095,0.00768,-2.70705,-2.75305,0.25322,0.01211,0.28677,0.22404,-2.02252,0.05326,-1.87477,-2.15913,-4.86105,0.62337,-3.71208,-7.28713,-0.01260,0.00201,-0.00908,-0.01657,0.02229,0.00270,0.03030,0.01725,0.01851,0.00336,0.02798,0.01241,-0.04536,0.00680,-0.03457,-0.05752
20,13.929855346679688,8200,-76.28933,-25.78737,-24.49207,0.57545,12.66412,0.68412,0.00000,-73.08371,0.00000,-0.14638,0.00761,-0.12390,-0.15897,0.29230,0.00506,0.30111,0.28366,-8.27856,0.11578,-8.07073,-8.48673,-24.01163,0.11572,-23.74150,-24.26636,0.08409,0.04643,0.21075,0.01235,0.08318,0.04581,0.20765,0.01355,0.04092,0.01158,0.08779,0.01747,10.17760,4.36424,18.66194,1.76274,10.22036,4.48009,19.56001,1.43320,-0.11788,0.00627,-0.10472,-0.13016,0.00990,0.00141,0.01322,0.00697,-0.09738,0.00375,-0.08833,-0.10258,-0.14661,0.00747,-0.13040,-0.16866,-2.73153,0.00687,-2.71356,-2.75032,-2.73153,0.00687,-2.71356,-2.75032,0.25492,0.01352,0.29430,0.21526,-2.00821,0.05844,-1.81690,-2.13053,-4.92171,0.69930,-3.66847,-8.74173,-0.01305,0.00200,-0.00972,-0.01684,0.02443,0.00520,0.04091,0.01714,0.03803,0.01835,0.08388,0.01045,-0.05810,0.02074,-0.03705,-0.11366
21,12.287747383117676,8400,-75.87060,85.38923,-20.32435,0.53508,11.06694,0.68010,0.00000,-67.07741,0.00000,-0.13120,0.01243,-0.09062,-0.15609,0.27528,0.00477,0.28358,0.26715,-8.68008,0.11873,-8.47470,-8.88508,-24.22528,0.16282,-23.84196,-24.62713,0.19179,0.08161,0.43207,0.05215,0.22095,0.08811,0.56123,0.06009,0.06301,0.02930,0.16430,0.01777,18.12870,12.38905,59.49655,0.74186,30.23096,14.53754,58.37560,1.53770,-0.11504,0.00833,-0.09603,-0.14303,0.00884,0.00216,0.01465,0.00525,-0.09900,0.00925,-0.08540,-0.13406,-0.14308,0.01064,-0.12392,-0.16682,-2.72977,0.00752,-2.71160,-2.74920,-2.72977,0.00752,-2.71160,-2.74920,0.26146,0.01436,0.32167,0.22418,-1.96557,0.06647,-1.70613,-2.12590,-4.86597,0.64224,-3.64814,-7.57027,-0.02213,0.00464,-0.01329,-0.03285,0.02429,0.00783,0.05865,0.01362,0.03923,0.02640,0.13146,0.00683,-0.07884,0.03031,-0.03865,-0.16115
22,12.369396686553955,8600,-75.01996,147.12191,-14.49998,0.54970,11.11458,0.69912,0.00000,-56.30593,0.00000,-0.11205,0.01650,-0.06364,-0.14479,0.25926,0.00449,0.26707,0.25160,-9.08377,0.11594,-8.86513,-9.29245,-24.57750,0.14240,-24.11970,-24.90251,0.31295,0.11068,0.60689,0.09067,0.30564,0.10433,0.72596,0.09731,0.06937,0.03060,0.17388,0.02083,16.32371,11.12497,57.59192,0.79977,15.37721,10.22445,63.61333,1.36037,-0.11388,0.00954,-0.09244,-0.14204,0.01098,0.00134,0.01419,0.00821,-0.09210,0.00854,-0.07609,-0.11902,-0.14881,0.01025,-0.12610,-0.18023,-2.72979,0.00755,-2.71073,-2.75356,-2.72979,0.00755,-2.71073,-2.75356,0.26228,0.01567,0.30723,0.22464,-1.97096,0.07178,-1.75364,-2.15516,-4.93614,0.72568,-3.78595,-8.23270,-0.01997,0.00623,-0.00828,-0.03433,0.02238,0.00881,0.06612,0.01336,0.02993,0.03611,0.13964,-0.01515,-0.07196,0.03512,-0.03886,-0.19714
23,12.567554712295532,8800,-75.27221,-36.11887,-14.87796,0.52968,11.34619,0.68663,0.00000,-81.07379,0.00000,-0.11310,0.01557,-0.06248,-0.15586,0.24416,0.00423,0.25152,0.23695,-9.48457,0.11590,-9.26873,-9.69227,-24.81546,0.13860,-24.51439,-25.20157,0.31318,0.10168,0.59983,0.08742,0.29555,0.09278,0.55478,0.04446,0.06054,0.02621,0.16471,0.01847,20.09632,15.16742,62.81373,1.34608,17.37257,9.10447,40.44813,1.59224,-0.11115,0.01057,-0.08908,-0.13418,0.01794,0.00207,0.02173,0.01319,-0.06741,0.00571,-0.05555,-0.08119,-0.17225,0.01765,-0.14377,-0.21242,-2.72778,0.00822,-2.70992,-2.74892,-2.72778,0.00822,-2.70992,-2.74892,0.27183,0.01399,0.30615,0.23561,-1.90824,0.07726,-1.60596,-2.05803,-4.83142,0.61779,-3.69897,-7.13603,-0.02552,0.00501,-0.01865,-0.03899,0.02878,0.00635,0.05381,0.02047,0.07301,0.03533,0.15082,0.00887,-0.15775,0.03944,-0.06581,-0.25728
24,12.396793365478516,9000,-74.30031,-21.65792,-14.25601,0.53028,11.19131,0.66924,0.00000,-50.97488,0.00000,-0.11485,0.01507,-0.07027,-0.14811,0.22995,0.00398,0.23688,0.22316,-9.88431,0.11894,-9.67551,-10.10285,-25.09808,0.12019,-24.70283,-25.48530,0.29268,0.09727,0.60361,0.07346,0.28390,0.09095,0.56824,0.07555,0.05928,0.02904,0.18644,0.01535,17.97495,10.60040,61.84462,1.59758,16.35646,10.17973,57.89178,1.72559,-0.11155,0.00935,-0.08780,-0.13130,0.01953,0.00170,0.02395,0.01514,-0.06426,0.00776,-0.04548,-0.07762,-0.16865,0.01090,-0.13840,-0.20110,-2.72527,0.00809,-2.70671,-2.75024,-2.72527,0.00809,-2.70671,-2.75024,0.27987,0.01357,0.31682,0.24420,-1.85197,0.08176,-1.61754,-2.05713,-4.88262,0.61892,-3.54942,-7.06774,-0.02764,0.00592,-0.01992,-0.04440,0.03872,0.00682,0.05602,0.02559,0.04575,0.02324,0.12278,0.01049,-0.15698,0.05507,-0.09019,-0.29141
25,12.21840524673462,9200,-73.68496,-34.52804,-14.32433,0.53040,10.99722,0.68462,0.00000,-58.30122,0.00000,-0.11521,0.01395,-0.07511,-0.14564,0.21657,0.00375,0.22310,0.21018,-10.28633,0.11584,-10.08242,-10.49115,-25.25713,0.17278,-24.80173,-25.70363,0.31084,0.10040,0.54960,0.09550,0.29726,0.09203,0.52751,0.11217,0.06539,0.02865,0.17472,0.02244,23.30822,16.77570,65.60387,0.72579,19.61535,15.08960,65.20634,1.43796,-0.11178,0.01230,-0.08495,-0.14318,0.02584,0.00257,0.03325,0.02129,-0.05163,0.00684,-0.02572,-0.06411,-0.19713,0.01761,-0.16277,-0.23742,-2.72448,0.00851,-2.70107,-2.74729,-2.72448,0.00851,-2.70107,-2.74729,0.28471,0.01484,0.32540,0.24323,-1.82572,0.11655,-1.07855,-2.04514,-4.90391,0.67679,-3.74580,-8.01471,-0.03358,0.00568,-0.02151,-0.05264,0.03734,0.00660,0.07199,0.02617,0.02406,0.03563,0.10549,-0.00551,-0.16656,0.04921,-0.09776,-0.29061
26,12.234232664108276,9400,-73.30718,160.30801,-7.86404,0.52421,11.01724,0.68700,0.00000,-63.48485,0.00000,-0.09445,0.01702,-0.04725,-0.13281,0.20397,0.00353,0.21011,0.19794,-10.68727,0.11360,-10.47480,-10.89935,-25.52677,0.14997,-25.14872,-25.83239,0.38915,0.09581,0.69151,0.17717,0.39532,0.09753,0.67481,0.18006,0.07246,0.03452,0.19726,0.02188,15.93492,9.57939,44.12256,1.87963,20.37252,14.99967,64.50212,1.86639,-0.11913,0.01271,-0.09273,-0.15797,0.03491,0.00451,0.04212,0.02675,-0.04200,0.00634,-0.03125,-0.05323,-0.23805,0.02765,-0.18598,-0.28691,-2.72308,0.00844,-2.70075,-2.74219,-2.72308,0.00844,-2.70075,-2.74219,0.28755,0.01404,0.34091,0.25590,-1.83073,0.09577,-1.48707,-2.05706,-5.02991,0.70261,-3.86126,-9.31225,-0.03206,0.00520,-0.02259,-0.04388,0.04149,0.00442,0.05465,0.03294,0.02262,0.01743,0.06450,-0.00125,-0.12287,0.02052,-0.09577,-0.17544
27,12.169946432113647,9600,-74.83480,-25.35587,-7.55493,0.52586,10.95316,0.68477,0.00000,-116.08038,0.00000,-0.09634,0.01734,-0.02935,-0.13528,0.19210,0.00332,0.19789,0.18643,-11.07944,0.11419,-10.88360,-11.28454,-25.72792,0.16689,-25.38016,-26.13417,0.40279,0.10423,0.74042,0.18548,0.40627,0.10347,0.79834,0.20786,0.07704,0.03256,0.18412,0.02154,21.86626,14.71253,57.85556,2.25025,23.17988,14.64972,60.16753,1.27477,-0.13109,0.01772,-0.08869,-0.17153,0.04526,0.00354,0.05270,0.03798,-0.03059,0.00396,-0.02022,-0.03790,-0.28549,0.02205,-0.24353,-0.34579,-2.71656,0.00926,-2.68433,-2.74156,-2.71656,0.00926,-2.68433,-2.74156,0.30097,0.01794,0.35611,0.25496,-1.78534,0.12205,-1.39320,-2.02540,-5.18874,0.80490,-4.01934,-8.53242,-0.04074,0.00908,-0.02791,-0.07056,0.05012,0.00639,0.06905,0.03738,0.00655,0.00744,0.03954,-0.00124,-0.17570,0.04623,-0.11898,-0.32076
28,12.15954041481018,9800,-74.11602,84.64651,-3.75178,0.52960,10.96196,0.66234,0.00000,-53.99026,0.00000,-0.08383,0.02071,-0.03018,-0.12806,0.18094,0.00313,0.18638,0.17560,-11.46843,0.12244,-11.24846,-11.68768,-25.93532,0.13619,-25.55463,-26.27964,0.47074,0.12006,0.88054,0.18966,0.44618,0.11300,0.73471,0.20254,0.07283,0.03504,0.28076,0.02205,20.56311,13.20868,68.20097,2.65569,15.16386,9.01774,47.20469,2.35837,-0.12422,0.02550,-0.04812,-0.17418,0.04794,0.00690,0.06033,0.02766,-0.03217,0.01862,-0.01405,-0.07773,-0.29716,0.04405,-0.20508,-0.37324,-2.70880,0.01180,-2.66473,-2.73390,-2.70880,0.01180,-2.66473,-2.73390,0.32777,0.02755,0.41745,0.27082,-1.62961,0.24635,-0.86108,-1.99889,-5.01977,0.66539,-3.88553,-7.82040,-0.05236,0.01841,-0.02048,-0.11011,0.05964,0.01028,0.09845,0.03969,0.01285,0.00594,0.02743,0.00208,-0.24345,0.07130,-0.14247,-0.41229
29,12.148226976394653,10000,-74.58804,-27.22704,-3.70715,0.53236,10.91932,0.69110,0.00000,-88.27670,0.00000,-0.08272,0.01896,-0.03009,-0.12704,0.17042,0.00294,0.17555,0.16540,-11.86116,0.11461,-11.65133,-12.08144,-26.04864,0.17188,-25.61020,-26.52384,0.49103,0.11419,0.81650,0.20537,0.44530,0.09662,0.77929,0.20845,0.07253,0.02600,0.17999,0.01962,25.27464,14.52982,63.10028,2.58389,15.29861,9.01101,43.29363,2.75364,-0.13211,0.01910,-0.07604,-0.17635,0.05671,0.00478,0.06592,0.04743,-0.01364,0.00473,-0.00454,-0.02344,-0.32890,0.02690,-0.27250,-0.38925,-2.70380,0.01060,-2.67088,-2.72602,-2.70380,0.01060,-2.67088,-2.72602,0.33218,0.02008,0.38583,0.28072,-1.62808,0.14909,-1.15509,-1.93034,-5.04493,0.69535,-3.76487,-7.77094,-0.06419,0.00903,-0.04825,-0.08783,0.05521,0.00609,0.06713,0.04380,0.00863,0.00530,0.02099,0.00272,-0.22274,0.03985,-0.15246,-0.30503
30,12.18368124961853,10200,-54.05866,-24.05318,-3.45154,0.52720,10.97168,0.67878,0.00000,516.44053,0.00000,-0.08719,0.01837,-0.02721,-0.12705,0.16052,0.00277,0.16535,0.15579,-12.25758,0.12027,-12.01786,-12.49083,-26.20013,0.12549,-25.84665,-26.60518,0.44534,0.10492,0.75215,0.21332,0.42355,0.09936,0.70212,0.20272,0.08108,0.02977,0.17142,0.02819,14.43410,8.76006,54.65439,2.07399,13.03046,8.95864,43.32791,2.76351,-0.13404,0.02359,-0.07878,-0.18294,0.06055,0.00287,0.06861,0.05371,-0.00193,0.00540,0.00516,-0.02780,-0.34391,0.02422,-0.29686,-0.39938,-2.70116,0.01136,-2.66999,-2.72939,-2.70116,0.01136,-2.66999,-2.72939,0.34299,0.01893,0.41441,0.30046,-1.58267,0.14362,-1.21867,-1.87285,-5.14392,0.75505,-3.90526,-9.12578,-0.06330,0.01067,-0.04191,-0.08821,0.06365,0.00543,0.07967,0.05529,0.02101,0.01400,0.07625,0.01066,-0.24648,0.04668,-0.18097,-0.38623
31,12.184866666793823,10400,-54.19956,-24.00130,-3.27143,0.53292,10.97024,0.67551,0.00000,-90.48201,0.00000,-0.08626,0.01825,-0.02841,-0.12410,0.15120,0.00261,0.15574,0.14674,-12.64343,0.11298,-12.46031,-12.87770,-26.34176,0.13239,-25.95561,-26.64086,0.46832,0.10824,0.84141,0.24488,0.43357,0.09901,0.72947,0.23150,0.08447,0.03559,0.20661,0.01671,17.52390,11.07397,58.42598,3.28764,15.35111,8.40744,49.64725,2.49427,-0.14011,0.01731,-0.09709,-0.18177,0.06463,0.00273,0.07230,0.05840,0.00883,0.00555,0.01935,-0.00134,-0.34557,0.01618,-0.30912,-0.38082,-2.69316,0.01160,-2.66395,-2.72406,-2.69316,0.01160,-2.66395,-2.72406,0.35769,0.01928,0.40692,0.30716,-1.54847,0.15336,-0.99089,-1.83384,-5.18942,0.59475,-3.88546,-7.19607,-0.06767,0.00896,-0.05507,-0.09163,0.07433,0.00500,0.08513,0.06093,0.03996,0.02893,0.10561,0.01311,-0.23748,0.02061,-0.19514,-0.29491
32,12.194720029830933,10600,-54.80664,-25.78813,-3.13091,0.52600,10.96890,0.69453,0.00000,-100.37488,0.00000,-0.08537,0.01671,-0.03939,-0.12366,0.14242,0.00246,0.14670,0.13823,-13.03160,0.11117,-12.83609,-13.25488,-26.40987,0.13478,-26.03110,-26.75271,0.46728,0.10093,0.78529,0.21447,0.44016,0.09564,0.75783,0.20127,0.08141,0.03278,0.19911,0.03481,13.85881,8.19874,46.85598,2.80769,15.14782,9.11518,44.05821,2.39341,-0.13909,0.01745,-0.09478,-0.18340,0.07095,0.00379,0.07963,0.06340,0.02025,0.00299,0.02717,0.01462,-0.36847,0.01905,-0.31476,-0.40955,-2.68693,0.01312,-2.65611,-2.72185,-2.68693,0.01312,-2.65611,-2.72185,0.37933,0.01793,0.43295,0.33551,-1.46523,0.16229,-0.99651,-1.81197,-5.22862,0.68237,-3.97480,-7.50204,-0.07673,0.00902,-0.06076,-0.09902,0.07922,0.00643,0.09287,0.06671,0.02020,0.00800,0.06319,0.01269,-0.28088,0.03063,-0.22579,-0.33675
33,12.306484937667847,10800,-54.19909,-27.68452,-2.62854,0.52410,11.09346,0.68328,0.00000,-73.91228,0.00000,-0.08976,0.01807,-0.04419,-0.13065,0.13416,0.00232,0.13818,0.13020,-13.41685,0.12282,-13.13611,-13.64490,-26.50700,0.15859,-25.97008,-26.93016,0.44858,0.11304,0.84492,0.18301,0.42758,0.10554,0.73850,0.18000,0.07264,0.02493,0.14613,0.02143,17.40157,11.68178,73.43272,3.14294,17.91756,11.61053,73.60001,2.50332,-0.14281,0.01628,-0.10519,-0.18326,0.07405,0.00336,0.08427,0.06561,0.02492,0.00295,0.03391,0.01810,-0.37595,0.01939,-0.32281,-0.40802,-2.67968,0.01394,-2.63218,-2.71030,-2.67968,0.01394,-2.63218,-2.71030,0.39644,0.01568,0.44912,0.35729,-1.42033,0.17102,-0.68519,-1.74060,-5.36724,0.71538,-4.11487,-7.71747,-0.08274,0.00782,-0.06994,-0.10333,0.08817,0.00515,0.10213,0.08059,0.02126,0.00242,0.02781,0.01728,-0.29857,0.02628,-0.23092,-0.34254
34,12.180378437042236,11000,-42.10598,-31.78209,-2.53414,0.52497,10.95395,0.69557,0.00000,278.04340,0.00000,-0.08769,0.01855,-0.02647,-0.13576,0.12637,0.00218,0.13017,0.12265,-13.80027,0.11372,-13.58934,-14.00723,-26.57423,0.16001,-26.07676,-27.01818,0.46656,0.11454,0.83598,0.19908,0.44264,0.11064,0.80423,0.14759,0.07985,0.02639,0.15277,0.02481,19.27311,12.34241,73.54083,3.07712,15.04897,8.75767,44.79042,2.17197,-0.14603,0.01551,-0.10517,-0.17695,0.08190,0.00307,0.09051,0.07550,0.03849,0.00414,0.04670,0.03019,-0.39825,0.02201,-0.35688,-0.44549,-2.67204,0.01314,-2.62978,-2.70837,-2.67204,0.01314,-2.62978,-2.70837,0.41168,0.01579,0.46251,0.37123,-1.37569,0.20552,-0.69349,-1.69842,-5.35036,0.67642,-4.14205,-7.93759,-0.09113,0.00729,-0.07538,-0.10888,0.08767,0.00569,0.09855,0.07836,0.02267,0.00673,0.05480,0.01553,-0.29265,0.02154,-0.26133,-0.34009
35,12.205887794494629,11200,-27.15044,157.40399,3.67860,0.53105,10.98340,0.68530,0.00000,374.81971,0.00000,-0.07433,0.01951,-0.02785,-0.11158,0.11905,0.00205,0.12261,0.11556,-14.14246,0.10471,-13.93738,-14.41651,-26.83317,0.18837,-26.39955,-27.53627,0.52464,0.11602,0.80050,0.29144,0.52135,0.11144,0.78841,0.28997,0.08886,0.02969,0.17257,0.03296,18.56165,12.05621,69.46418,1.96617,19.30944,11.09621,55.41944,3.12259,-0.15384,0.03023,-0.07660,-0.21046,0.09066,0.00548,0.10353,0.07517,0.04856,0.00654,0.06168,0.03405,-0.41453,0.03105,-0.35248,-0.48101,-2.64574,0.02408,-2.57932,-2.69637,-2.64574,0.02408,-2.57932,-2.69637,0.45669,0.03812,0.56124,0.38118,-1.27914,0.19355,-0.75163,-1.73601,-5.48168,0.85312,-4.18156,-10.40060,-0.09293,0.01527,-0.06726,-0.13176,0.11631,0.01673,0.15008,0.08760,0.06719,0.04290,0.17428,0.01931,-0.42519,0.09175,-0.28328,-0.57399
36,12.16581416130066,11400,-18.38611,-10.15174,3.66923,0.53251,10.93379,0.69419,0.00000,187.40545,0.00000,-0.07251,0.01954,-0.02154,-0.11672,0.11216,0.00193,0.11552,0.10886,-14.54489,0.12120,-14.22609,-14.76923,-26.90596,0.19242,-26.28614,-27.43390,0.53414,0.11730,0.88808,0.27411,0.54389,0.11776,0.82870,0.28157,0.08225,0.03111,0.19395,0.02503,19.85017,13.15512,80.45030,3.67085,21.38575,14.22327,76.43693,2.32329,-0.17083,0.02601,-0.12172,-0.23365,0.09159,0.00675,0.10462,0.07191,0.03942,0.00432,0.04536,0.02191,-0.42318,0.03152,-0.36421,-0.47031,-2.64853,0.01901,-2.58499,-2.68976,-2.64853,0.01901,-2.58499,-2.68976,0.44540,0.02377,0.51691,0.38669,-1.37504,0.17761,-0.83763,-1.74145,-5.49663,0.73743,-4.16869,-8.28323,-0.08380,0.00939,-0.06908,-0.11143,0.11795,0.01004,0.14020,0.10125,0.11507,0.04896,0.21142,0.03189,-0.40134,0.03790,-0.35052,-0.48871
37,12.147701501846313,11600,-18.37945,214.09085,11.81162,0.52340,10.92954,0.68977,0.00000,-78.77884,0.00000,-0.05429,0.02241,0.00229,-0.11002,0.10567,0.00181,0.10883,0.10258,-14.86065,0.11120,-14.58570,-15.11478,-27.17086,0.19779,-26.54936,-27.80300,0.63453,0.13136,1.03428,0.32775,0.67356,0.13780,1.03625,0.38430,0.09910,0.03699,0.21432,0.03049,15.98335,9.00459,49.02066,2.83748,22.23770,14.30542,87.29700,3.61488,-0.17613,0.02936,-0.10941,-0.24128,0.10452,0.00687,0.12218,0.08888,0.04147,0.00459,0.05142,0.03281,-0.47403,0.03531,-0.41485,-0.56731,-2.61279,0.02778,-2.53764,-2.67127,-2.61279,0.02778,-2.53764,-2.67127,0.50679,0.03727,0.61191,0.44106,-1.25350,0.15600,-0.69452,-1.60436,-5.71680,0.86717,-4.30231,-9.82456,-0.10772,0.01432,-0.08454,-0.13619,0.13722,0.01315,0.17157,0.11396,0.12609,0.05589,0.21870,0.04122,-0.49477,0.03916,-0.39100,-0.59636
38,12.123192071914673,11800,-18.02353,-23.91724,12.06972,0.53013,10.90655,0.68148,0.00000,-63.66826,0.00000,-0.05585,0.02313,0.00626,-0.10524,0.09957,0.00171,0.10255,0.09666,-15.20434,0.11768,-14.85161,-15.54830,-27.31419,0.22472,-26.65057,-27.84916,0.62114,0.13493,0.98576,0.31926,0.65734,0.14227,1.03055,0.35722,0.11414,0.04851,0.26584,0.02636,23.52169,16.49698,85.86009,4.78650,22.89265,14.05883,79.51146,3.50729,-0.18522,0.03079,-0.11836,-0.28061,0.11426,0.00849,0.13257,0.09471,0.02582,0.01206,0.04249,-0.02546,-0.53533,0.05578,-0.44342,-0.66943,-2.59146,0.03821,-2.46527,-2.67734,-2.59146,0.03821,-2.46527,-2.67734,0.53294,0.04735,0.67432,0.44604,-1.13679,0.19431,-0.58092,-1.50770,-5.88873,0.82338,-4.62520,-9.23181,-0.10732,0.01811,-0.08086,-0.15702,0.15147,0.01747,0.20080,0.12009,0.25031,0.06126,0.45897,0.17194,-0.56625,0.06041,-0.46727,-0.68985
39,12.101316452026367,12000,-19.72083,29.05440,12.12965,0.52416,10.88783,0.68325,0.00000,-136.10108,0.00000,-0.05527,0.02336,0.01463,-0.11770,0.09384,0.00160,0.09663,0.09111,-15.48807,0.10460,-15.16034,-15.74099,-27.42501,0.23283,-26.79929,-28.01959,0.63948,0.15034,1.11967,0.28346,0.66870,0.14884,1.18038,0.32355,0.11930,0.04637,0.25995,0.03564,27.81684,21.42076,104.62904,1.75832,22.99928,14.89759,85.41940,4.36071,-0.19911,0.02885,-0.14315,-0.26685,0.12263,0.01143,0.15927,0.09987,0.01784,0.01027,0.03304,-0.02261,-0.61237,0.05051,-0.51962,-0.73165,-2.54631,0.04464,-2.42099,-2.62416,-2.54631,0.04464,-2.42099,-2.62416,0.59588,0.04739,0.72381,0.50489,-0.81028,0.21088,-0.17343,-1.26762,-6.03686,0.79456,-4.62056,-10.04923,-0.13766,0.01787,-0.09971,-0.18022,0.16919,0.01556,0.20212,0.14009,0.25166,0.07845,0.45680,0.08022,-0.72794,0.08916,-0.50693,-0.86255
40,12.184153318405151,12200,7.16540,186.88893,16.92638,0.53974,10.96724,0.67130,0.00000,725.31426,0.00000,-0.03521,0.02522,0.03002,-0.10187,0.08847,0.00150,0.09109,0.08591,-15.74469,0.17557,-15.27049,-16.07492,-27.57594,0.23479,-26.86622,-28.28792,0.75134,0.14751,1.17283,0.34377,0.81082,0.14976,1.22729,0.39442,0.15527,0.07154,0.38380,0.02468,28.40337,19.33106,100.74565,3.60617,24.80607,16.08952,76.62418,4.22916,-0.22712,0.03076,-0.16828,-0.30727,0.13015,0.01147,0.15378,0.10311,0.00850,0.01502,0.02837,-0.03399,-0.71085,0.05535,-0.60256,-0.81041,-2.49288,0.04877,-2.34440,-2.58945,-2.49288,0.04877,-2.34440,-2.58945,0.65538,0.04828,0.82505,0.52655,-0.20863,0.26918,0.53758,-0.80078,-6.16652,0.79769,-4.66593,-8.54058,-0.14907,0.02187,-0.11409,-0.22194,0.19206,0.01519,0.23701,0.14698,0.31401,0.09844,0.51069,0.08394,-0.84981,0.05084,-0.76338,-0.99268
41,12.177432537078857,12400,13.02294,178.14225,17.51587,0.53199,10.94706,0.69195,0.00000,98.48029,0.00000,-0.01843,0.02566,0.07486,-0.08393,0.08343,0.00141,0.08588,0.08103,-15.93165,0.20099,-15.43230,-16.37621,-27.75687,0.24317,-27.09256,-28.31939,0.81213,0.14331,1.40088,0.48027,0.89298,0.16126,1.59377,0.53267,0.17830,0.07946,0.57629,0.03518,35.77983,24.70431,139.04594,4.87059,28.26699,20.12070,102.65627,5.90657,-0.26445,0.03565,-0.17728,-0.33088,0.15191,0.01354,0.17982,0.11824,0.02144,0.02068,0.06089,-0.02461,-0.84713,0.05309,-0.69449,-0.95859,-2.41487,0.08580,-2.19552,-2.59063,-2.41487,0.08580,-2.19552,-2.59063,0.73233,0.08407,0.94677,0.53536,0.09374,0.42269,0.85518,-0.97743,-6.27993,0.87604,-4.59757,-9.05775,-0.14307,0.02406,-0.09828,-0.19654,0.22832,0.02855,0.30172,0.17266,0.35342,0.07364,0.47377,0.20130,-0.93714,0.09385,-0.69899,-1.11903
42,12.175472497940063,12600,1082.37110,62.48609,17.51259,0.51803,10.95672,0.69547,0.00000,32008.83930,0.00000,-0.01941,0.02597,0.07246,-0.08345,0.07871,0.00132,0.08101,0.07647,-16.06906,0.21239,-15.58477,-16.52300,-27.91207,0.25204,-27.29473,-28.66474,0.77284,0.13257,1.23582,0.49614,0.87726,0.15279,1.33057,0.50715,0.20155,0.08320,0.52407,0.06341,28.67705,16.21343,83.51114,4.83459,29.68645,19.14584,93.34157,4.79053,-0.27069,0.04133,-0.16918,-0.35143,0.16222,0.01218,0.20248,0.14146,0.05229,0.01322,0.08850,0.02635,-0.87311,0.05140,-0.78524,-1.01402,-2.32213,0.08592,-2.12783,-2.49475,-2.32213,0.08592,-2.12783,-2.49475,0.85382,0.07814,1.03250,0.66824,0.69504,0.45401,1.87437,-0.45305,-6.61261,0.92586,-4.92599,-10.67550,-0.15697,0.02048,-0.11764,-0.21002,0.27837,0.02948,0.35163,0.22012,0.42832,0.09799,0.64760,0.24154,-1.11295,0.07638,-0.94127,-1.29025
43,12.207051277160645,12800,6358.39788,473.77318,17.85726,0.53010,10.96624,0.70500,0.00000,158212.17044,0.00000,0.02211,0.03989,0.13908,-0.06232,0.07432,0.00122,0.07645,0.07225,-15.91805,0.32975,-15.04822,-16.54838,-28.20244,0.30228,-27.51737,-29.07753,1.75862,1.13478,6.86460,0.54161,1.92016,1.16659,7.18132,0.62159,0.27057,0.12407,0.68187,0.06430,42.87531,26.30448,151.39401,8.27320,40.89432,22.44931,146.76904,8.85459,-0.30315,0.04418,-0.18534,-0.41815,0.17136,0.01146,0.19473,0.13846,0.03036,0.01171,0.07127,0.00692,-0.97737,0.07913,-0.77102,-1.14626,-2.12465,0.14039,-1.73311,-2.42127,-2.12465,0.14039,-1.73311,-2.42127,1.08356,0.13270,1.44224,0.84498,1.59874,0.63014,3.20509,0.25593,-6.76424,0.95267,-4.95237,-10.48577,-0.12684,0.02238,-0.09174,-0.18368,0.38040,0.05067,0.51506,0.30012,0.87431,0.19677,1.18327,0.37448,-1.42075,0.15215,-1.16161,-1.77338
44,12.25176453590393,13000,6351.55505,59223.43703,1990.00898,0.53386,11.02314,0.68839,0.00000,-272.19125,0.00000,4.42649,1.28046,9.05715,1.33984,0.07276,0.00059,0.07365,0.07186,6.11094,8.08044,22.29778,-16.38247,-44.04515,5.15995,-28.19722,-52.69127,1921.22870,724.28410,4499.06543,524.45154,1978.87230,734.45401,4554.73340,499.20856,4.59802,4.97969,21.77077,0.21529,1955.12457,1120.78079,7232.13916,463.24939,1796.17100,1081.47335,6330.29639,378.50220,-0.79853,0.24367,-0.28844,-1.51259,0.23069,0.08633,0.38884,0.08235,-0.23960,0.20276,0.13236,-0.74344,-1.49253,0.43693,-0.86274,-2.42002,6.33129,3.07616,12.48887,-2.23287,6.33129,3.07616,12.48887,-2.23287,2.57091,0.52608,3.64369,0.98140,12.32850,3.48381,18.44486,1.47467,-4.61107,2.52242,2.43434,-14.73693,0.24892,0.26121,0.77538,-0.12409,1.80411,0.45391,2.51937,0.33347,2.56327,0.50839,3.26821,0.97907,-3.32279,0.65693,-1.30678,-4.18665
45,12.261541843414307,13200,6351.16282,-74.05921,1988.54518,0.52033,11.02089,0.71479,0.00000,-78.28671,0.00000,4.60208,1.38799,8.73230,1.12911,0.07300,0.00047,0.07368,0.07202,-6.18728,5.85594,8.93271,-17.30637,-47.42197,3.66003,-35.80566,-55.75401,497.54084,358.83651,1714.98206,56.60444,386.31449,365.68002,1629.81421,32.47102,7.24082,3.63530,25.20587,1.78476,3095.30794,1492.73721,8780.51758,684.77893,2827.56106,1596.51058,9328.79590,527.34943,-0.76292,0.29839,-0.10317,-1.60809,0.49659,0.11671,0.78686,0.10934,0.03949,0.09277,0.21751,-0.22540,-3.48742,0.90184,-1.17420,-5.74748,1.63692,2.23916,7.41970,-2.63412,1.63692,2.23916,7.41970,-2.63412,3.59415,1.13886,5.93002,0.59703,22.88956,8.70871,42.06504,1.42223,-6.60703,1.55223,0.32598,-12.01963,-0.63491,0.37426,-0.02164,-1.44410,0.84382,0.22481,1.69733,0.17800,0.41839,0.55675,2.30167,-0.31643,-4.83228,1.16749,-1.52299,-7.76764
46,12.154903411865234,13400,6345.80975,-16.88498,1989.09191,0.53091,10.94289,0.67566,0.00000,-229.17606,0.00000,4.44535,1.34098,8.25142,1.44146,0.07088,0.00047,0.07201,0.07030,-5.76046,5.45618,2.49952,-16.84185,-46.35256,3.37024,-38.09469,-55.57118,233.75148,96.62693,610.77625,86.14211,151.78611,83.78867,472.90317,41.50372,10.16452,3.96208,21.42875,2.95416,3552.13827,1990.48706,11001.63770,643.31439,3213.40341,1928.72417,11493.15723,544.10785,-1.44931,0.57782,-0.23971,-2.09737,0.38484,0.07546,0.58183,0.24058,-0.61158,0.65990,0.73752,-1.32796,-4.02439,0.63416,-2.33536,-5.01250,1.81950,2.06972,4.94387,-2.38935,1.81950,2.06972,4.94387,-2.38935,2.33436,0.53615,3.82605,1.03994,23.64388,4.93744,32.18501,9.57555,-5.92310,1.55322,-2.66757,-10.58216,0.25986,0.18545,0.54477,-0.28349,0.51491,0.13467,1.07597,0.25643,2.56637,1.10698,4.63206,0.75083,-4.02034,0.79661,-1.87714,-5.55263
47,12.226245403289795,13600,6341.83546,-61.48359,1988.11838,0.52676,11.01347,0.68088,0.00000,-187.20113,0.00000,4.31372,1.36071,7.96210,1.07113,0.06968,0.00041,0.07030,0.06891,-4.48102,2.01728,-1.03567,-9.54829,-51.08072,4.08219,-41.05694,-62.13078,132.95439,38.96189,249.42664,47.17762,70.81503,21.21431,141.83893,24.29560,8.83065,2.94467,18.30474,2.08052,3815.83213,2415.36215,15001.09180,834.61841,2862.76676,1574.03474,9575.96680,610.28613,-1.60094,0.15301,-1.19497,-1.85811,0.44412,0.03676,0.51072,0.37539,-0.66350,0.39270,0.18351,-1.26203,-3.87323,0.69847,-2.46821,-4.84014,2.31830,0.75588,3.61035,0.42581,2.31830,0.75588,3.61035,0.42581,2.64983,0.26808,3.37672,1.97609,24.81535,3.88099,31.57668,12.87447,-6.06768,1.31168,-3.25238,-10.21288,0.16462,0.08551,0.34313,-0.02767,0.64061,0.07129,0.83338,0.47775,1.75896,0.11930,2.05962,1.54423,-5.52760,0.41992,-3.94650,-6.29219
48,12.18373417854309,13800,6339.61731,-45.31354,1987.55494,0.52296,10.95396,0.70098,0.00000,-129.85682,0.00000,4.30491,1.51019,8.72417,0.57395,0.06804,0.00053,0.06890,0.06709,-5.70819,2.45330,0.15007,-11.47788,-57.17935,5.91511,-43.09029,-72.34501,119.76041,34.96583,281.49741,45.28685,69.35434,21.50001,144.88235,27.26122,8.73616,2.89025,18.54146,2.98019,4844.17631,3052.32775,19687.91797,1064.89490,3746.35989,2362.55946,13326.30078,649.84479,-1.39304,0.22855,-0.87446,-1.85357,0.52852,0.03826,0.60540,0.43441,0.55325,0.25989,1.29253,0.06021,-2.96051,0.20154,-2.52455,-3.27121,1.87650,0.91228,4.05578,-0.27187,1.87650,0.91228,4.05578,-0.27187,2.66745,0.24240,3.27431,2.11752,18.74842,2.08766,23.08285,11.23749,-6.45806,1.33352,-3.66123,-11.45287,0.08825,0.05540,0.19190,-0.03193,0.71907,0.09653,0.98180,0.50000,1.87814,0.11934,2.16402,1.62905,-5.08680,0.30547,-4.17631,-5.73721
49,12.256770133972168,14000,6336.45430,-33.18049,1987.53890,0.51807,11.04233,0.69064,0.00000,-159.20580,0.00000,4.23826,1.39473,8.03475,1.07348,0.06598,0.00060,0.06707,0.06499,-6.17704,1.95005,-2.09512,-9.75787,-64.48863,7.15428,-49.17669,-86.36894,114.63084,35.83654,207.78084,39.07197,78.07143,25.35942,168.57986,25.79956,8.45861,3.55191,19.20966,2.01053,5657.07533,3440.40231,17497.41211,1017.62189,5115.19949,3158.10855,17460.70117,1171.00281,-1.13152,0.17400,-0.73839,-1.57643,0.63863,0.03659,0.70532,0.53041,0.81333,0.13241,1.21096,0.59107,-3.29060,0.12735,-3.02311,-3.53662,1.72689,0.71971,3.23062,0.41312,1.72689,0.71971,3.23062,0.41312,3.08473,0.20310,3.55843,2.45336,21.48851,2.73976,27.40503,10.67927,-6.81479,1.16146,-4.73926,-11.53526,0.00807,0.04569,0.13989,-0.10082,0.88234,0.12216,1.11270,0.58579,2.07293,0.12530,2.32340,1.68905,-5.13945,0.43065,-3.16654,-5.95859
50,12.215104579925537,14200,6335.30565,-42.62348,1986.94458,0.52213,11.00212,0.68461,0.00000,-107.54339,0.00000,4.31127,1.30314,9.20292,1.63932,0.06417,0.00038,0.06498,0.06371,-3.60887,2.74655,2.68127,-8.87393,-75.52232,7.65402,-59.16867,-97.52429,129.57514,40.39030,276.35855,41.32339,109.86465,46.42789,356.45474,39.20378,10.60880,5.44119,32.41867,2.31358,8367.77873,5184.03723,27599.40234,1413.46057,9225.72979,6380.61232,33790.75391,1592.65955,-0.98711,0.15115,-0.63035,-1.28457,0.68737,0.06217,0.83228,0.55274,1.49749,0.37199,2.00000,0.79197,-3.61261,0.29550,-3.19606,-4.33793,2.68448,1.00183,4.97401,0.75787,2.68448,1.00183,4.97401,0.75787,3.28100,0.23091,3.83544,2.66125,21.59040,3.68849,29.85609,11.79706,-6.82613,1.06688,-4.72315,-9.63127,0.12864,0.15719,0.38338,-0.18797,1.13911,0.18945,1.47605,0.69846,2.48102,0.42921,3.30141,1.63288,-4.37618,0.94889,-3.37574,-6.76795
51,12.013443231582642,14400,6333.55737,-30.31761,1983.03541,0.52431,10.82735,0.65638,0.00000,-119.52571,0.00000,4.27893,1.41558,8.72609,1.15668,0.06312,0.00026,0.06370,0.06264,-2.86097,1.96208,2.66417,-6.96161,-83.03950,9.02850,-62.43804,-109.86943,130.10983,44.20316,279.48920,32.77348,91.04914,31.17440,175.05983,27.61770,10.79202,3.58848,21.94495,3.04487,9053.84805,6046.30700,31623.20117,1751.24402,8031.31659,4842.12160,28456.16016,1630.14185,-0.90705,0.14755,-0.56993,-1.25344,0.76517,0.07536,0.89675,0.54589,1.09122,0.41576,1.74583,0.15655,-4.32178,0.21636,-3.70873,-4.74881,2.96406,0.71099,4.96410,1.47445,2.96406,0.71099,4.96410,1.47445,3.48175,0.12628,3.78954,3.17423,16.91573,3.86056,25.72885,11.47060,-7.09066,1.33254,-3.97575,-11.15555,0.20627,0.03288,0.27496,0.09681,1.23572,0.12169,1.43525,0.93477,3.03843,0.19098,3.33436,2.55096,-3.72429,0.32358,-2.73952,-4.27570
52,12.19836163520813,14600,6332.14501,-33.98225,1976.94932,0.52344,10.97874,0.68964,0.00000,-98.67676,0.00000,4.09803,1.41127,8.50268,0.42581,0.06200,0.00037,0.06263,0.06143,-2.93858,1.76199,2.07804,-5.93356,-88.66765,10.69398,-64.42662,-123.49123,146.12323,56.04770,350.20001,34.08778,99.88329,42.32613,286.19894,17.93425,11.27433,4.60982,24.60297,2.25376,12495.20121,9014.26820,38953.71484,1921.46765,9255.26160,6300.42119,36426.26562,1411.80579,-0.89672,0.12431,-0.68429,-1.27581,0.65358,0.07171,0.88096,0.50598,0.26296,0.15790,0.66985,-0.03993,-4.22119,0.25179,-3.67590,-4.72923,2.94279,0.63454,4.74838,1.86472,2.94279,0.63454,4.74838,1.86472,3.44399,0.20262,3.98767,3.04483,13.78128,1.19572,17.90610,11.56743,-6.99830,1.30812,-4.12694,-12.58377,0.07049,0.07574,0.21999,-0.12421,1.27392,0.09931,1.53850,1.04393,3.13206,0.20756,3.56867,2.70761,-3.83973,0.52459,-2.81654,-4.78269
53,12.21048903465271,14800,6333.09642,-27.34526,1977.16096,0.53638,10.97178,0.69634,0.00000,-52.53163,0.00000,3.99079,1.35365,8.58778,0.92608,0.06128,0.00009,0.06143,0.06101,-1.02240,1.91085,3.36064,-5.35076,-95.67117,11.36501,-68.23018,-126.61272,144.19040,57.42634,355.35855,49.09750,112.11094,47.66665,285.96786,36.78982,12.41233,5.64482,30.29363,2.73429,12184.87173,8262.09114,51530.39062,1806.92725,12330.49182,8038.50212,41398.98047,1527.02881,-0.87848,0.13152,-0.65230,-1.13694,0.58566,0.07482,0.72771,0.40965,0.14512,0.26482,0.91337,-0.20257,-4.25434,0.33432,-3.56041,-4.80952,3.63392,0.68429,5.20354,2.08414,3.63392,0.68429,5.20354,2.08414,3.18048,0.17314,3.65587,2.78480,13.62077,1.13154,21.61940,10.96643,-6.64660,1.45334,-3.08080,-11.57705,0.10373,0.04305,0.18779,-0.00660,1.41467,0.08517,1.60260,1.20737,3.39282,0.20076,3.72240,2.85888,-4.09517,0.39121,-3.23457,-4.89591
54,12.1540367603302,15000,6329.44536,-20.69923,1977.22144,0.52399,10.95437,0.66990,0.00000,-160.50663,0.00000,3.90005,1.35659,7.36291,0.68059,0.06096,0.00013,0.06122,0.06076,0.60805,2.21757,5.34239,-4.09553,-104.39182,12.97557,-67.87594,-134.94743,155.77722,59.97371,366.98029,39.15664,129.02120,59.36191,386.41278,43.52936,12.04235,5.46766,29.02834,3.94934,12255.10951,7816.59794,46909.01562,1662.67603,12945.17935,8080.48807,41391.70312,1905.93787,-0.89240,0.09399,-0.69556,-1.08737,0.63438,0.06496,0.82260,0.49472,0.09012,0.10133,0.30528,-0.08648,-4.67674,0.18971,-4.34114,-5.19841,4.21741,0.79249,5.90763,2.53640,4.21741,0.79249,5.90763,2.53640,3.33180,0.23735,3.80259,2.71202,16.99401,1.65579,22.65042,12.92386,-6.42142,1.45105,-3.36550,-11.64979,0.01396,0.07200,0.12461,-0.16243,1.49384,0.11485,1.66801,1.22621,3.27109,0.19033,3.64684,2.78781,-4.60825,0.27397,-4.09755,-5.29561
55,12.236006736755371,15200,6329.60200,-45.65867,1976.93066,0.54101,11.00654,0.68256,0.00000,-53.60180,0.00000,3.90789,1.28730,8.07554,0.91402,0.06148,0.00011,0.06164,0.06122,0.35057,1.92460,4.26363,-3.63490,-116.53067,13.38390,-83.00934,-155.56570,191.09102,71.45081,543.66821,58.38788,157.09974,70.28112,467.61484,44.06627,14.06274,4.93839,24.78824,3.46656,18094.37582,10607.25733,58843.17188,3260.39746,17664.69981,10775.58508,64294.94922,3156.55615,-0.95650,0.14540,-0.64475,-1.31232,0.69603,0.08043,0.90638,0.52504,0.46968,0.26634,1.24311,0.15691,-4.70274,0.30693,-3.92060,-5.45964,4.12547,0.68994,5.52858,2.69679,4.12547,0.68994,5.52858,2.69679,3.36044,0.27517,4.18889,2.88190,16.03172,2.30973,23.37172,12.50362,-6.63726,1.45667,-3.78916,-12.63438,0.09729,0.08121,0.24740,-0.12729,1.44357,0.11883,1.74611,1.25619,2.96999,0.15252,3.28252,2.67567,-5.17453,0.49574,-3.73930,-6.72528
56,12.181358098983765,15400,6325.89882,-20.52064,1970.86466,0.51671,10.96822,0.69132,0.00000,-174.58047,0.00000,3.78108,1.28232,7.54277,0.51973,0.06181,0.00019,0.06204,0.06139,0.62348,1.85189,3.93227,-3.63304,-127.13419,15.04952,-97.99687,-172.59183,239.47259,100.34237,578.13788,52.54479,189.53991,101.52957,628.27533,36.58846,19.29448,8.55387,50.85916,4.70243,27559.93610,16128.16737,74445.40625,3784.39722,20021.50521,13233.56359,70138.12500,1218.72815,-0.94013,0.07865,-0.77906,-1.10253,0.66317,0.04997,0.82020,0.56235,0.44554,0.19123,0.86628,0.13258,-4.54550,0.18473,-4.12571,-4.93386,4.22355,0.66519,5.40921,2.69424,4.22355,0.66519,5.40921,2.69424,3.26937,0.16611,3.83769,2.89007,14.89497,1.33084,21.13161,12.35896,-6.48641,1.58438,-3.06790,-13.96459,0.11253,0.05970,0.20307,-0.04062,1.48066,0.10114,1.67474,1.23051,3.04427,0.11846,3.25511,2.75241,-5.71027,0.50205,-4.55165,-6.66910
57,12.047821760177612,15600,6323.48752,-50.83409,1970.00404,0.52960,10.84702,0.66565,0.00000,-188.41928,0.00000,3.73014,1.31463,8.13035,0.41294,0.06152,0.00019,0.06182,0.06129,0.14097,2.47546,5.02868,-4.85799,-138.64715,15.97385,-98.60170,-186.86884,239.62748,116.52534,624.99329,72.19069,201.95600,116.78572,703.79980,43.21716,17.79004,6.92076,39.88165,5.78315,27814.63924,17485.66542,88070.19531,3106.88672,23289.15896,17007.64076,85467.00781,3237.83521,-0.98106,0.08920,-0.74389,-1.16018,0.76482,0.06747,0.91012,0.61913,0.70921,0.14067,1.15720,0.16073,-4.95728,0.16000,-4.50268,-5.31006,4.05038,0.88784,5.80238,2.25835,4.05038,0.88784,5.80238,2.25835,3.55524,0.23805,3.99101,2.91103,17.11974,2.58164,23.47459,12.52898,-6.57699,1.35476,-3.18851,-10.99704,0.07723,0.08728,0.24786,-0.06639,1.42090,0.12381,1.69593,1.15926,3.09758,0.17870,3.56008,2.70526,-5.89290,0.41827,-4.96968,-6.69573
58,12.223698616027832,15800,6319.51991,-49.91179,1965.60842,0.52039,11.00436,0.69314,0.00000,-173.01872,0.00000,3.75364,1.34515,7.00252,0.49766,0.06204,0.00027,0.06271,0.06175,1.41785,2.71734,6.59956,-3.34445,-149.48739,17.86751,-97.22500,-193.16068,286.71752,137.17111,806.07477,63.74421,254.24582,132.90359,772.47473,50.89653,19.77123,9.08304,51.34438,4.04900,32319.40404,21101.44872,91694.52344,4637.74951,35120.40532,23270.59687,139690.59375,3638.82324,-1.04503,0.10984,-0.81264,-1.30257,0.75823,0.06323,0.93833,0.63848,0.44408,0.24970,1.08754,0.13335,-5.25680,0.15254,-4.67588,-5.66042,4.51056,0.97800,6.37919,2.79838,4.51056,0.97800,6.37919,2.79838,3.38443,0.17191,3.81950,2.97299,16.70570,1.64919,22.42156,13.60849,-6.44067,1.77755,-2.49095,-13.60499,0.08018,0.06434,0.20338,-0.06199,1.46263,0.12961,1.66788,1.22587,3.23242,0.14929,3.55701,2.97992,-5.64885,0.33609,-4.60783,-6.55705
59,12.24176812171936,16000,6319.20356,-50.86444,1964.91055,0.51947,11.04027,0.67584,0.00000,-97.76716,0.00000,3.78136,1.32175,7.87328,0.80381,0.06385,0.00077,0.06529,0.06273,3.45774,1.85933,7.07836,-1.77325,-162.81642,18.44648,-120.46767,-222.01848,294.46507,150.31140,757.00598,86.08353,263.59226,162.42913,897.77527,62.27272,21.05823,8.04170,46.20789,5.74278,30120.02786,17961.80949,87419.15625,4181.58789,31276.95192,20974.62475,123727.25781,4294.04785,-1.06696,0.10956,-0.79165,-1.32240,0.76454,0.07790,1.04107,0.60981,0.72361,0.28200,1.37822,0.22924,-5.35226,0.17045,-5.03414,-6.03598,5.25791,0.67678,6.58985,3.35873,5.25791,0.67678,6.58985,3.35873,3.15366,0.24004,3.95163,2.64045,18.63593,3.03714,31.17680,13.06972,-6.11528,1.64749,-3.10865,-12.40705,0.01136,0.03513,0.12367,-0.09172,1.59006,0.08803,1.76613,1.38121,3.09019,0.12175,3.43343,2.85693,-5.97937,0.30417,-3.73470,-6.62852
60,12.15152621269226,16200,6296.12448,-29.21307,1964.74349,0.52215,10.95390,0.66999,0.00000,-175.93168,0.00000,3.55527,1.20732,7.23720,0.76904,0.06715,0.00113,0.06905,0.06531,4.57606,0.97240,6.59594,1.49247,-173.66393,18.47045,-122.68321,-235.38838,342.72893,181.44016,1100.08362,96.95409,289.87682,189.52774,1263.61426,60.45630,23.59142,9.22521,55.32592,5.57093,46191.89109,30090.93025,166884.82812,4514.65479,35558.24964,22918.22687,110815.35156,6026.29980,-1.01696,0.12856,-0.65869,-1.35032,0.75720,0.09697,1.11353,0.58748,1.03903,0.26193,1.64980,0.49264,-5.25322,0.29367,-4.34721,-6.04934,5.69411,0.35926,6.44160,4.54847,5.69411,0.35926,6.44160,4.54847,3.10468,0.36425,4.05484,2.58217,21.17849,4.10459,31.48097,13.47229,-6.15371,1.56320,-2.79804,-12.36726,-0.00751,0.04627,0.10648,-0.13401,1.68956,0.06786,1.84436,1.44367,2.99650,0.14938,3.37627,2.70856,-5.92267,0.32562,-5.27308,-6.71830
61,12.075597524642944,16400,6293.28194,-52.74279,1963.94555,0.51615,10.85521,0.69827,0.00000,-175.75845,0.00000,3.41468,1.16213,7.47703,1.17366,0.07056,0.00094,0.07252,0.06907,3.93085,1.54894,8.25839,1.38852,-186.64857,19.26967,-142.16504,-246.14209,417.51754,247.84297,1900.39294,101.72160,373.47647,262.71637,1835.94507,66.45534,25.10344,12.36253,63.74869,5.98508,55712.78451,35252.17701,162264.40625,7184.43652,53390.96964,35204.07385,209051.43750,4005.99414,-1.12891,0.06859,-0.96660,-1.31886,0.81333,0.04049,0.90973,0.70832,1.54607,0.22752,2.00000,1.03303,-5.51489,0.16615,-5.19903,-5.99360,5.48429,0.59069,7.13837,4.52006,5.48429,0.59069,7.13837,4.52006,2.96784,0.12864,3.28046,2.58933,18.95796,2.59654,25.37753,12.90742,-6.10629,1.30638,-3.02852,-10.70837,-0.04750,0.06150,0.10854,-0.17854,1.59082,0.09082,1.78485,1.42843,2.67444,0.19381,3.01608,2.29812,-6.13219,0.30893,-4.04016,-6.85311
62,12.120434284210205,16600,6291.88571,-51.97727,1963.21329,0.51990,10.91203,0.68247,0.00000,-142.26155,0.00000,3.53160,1.20130,6.96936,1.08684,0.07421,0.00095,0.07579,0.07254,3.22649,0.96150,5.43106,0.64146,-203.87707,20.85857,-149.49150,-265.49286,471.31864,263.86884,1713.72290,77.89839,420.76428,303.70174,1407.39771,74.19187,33.14814,13.80084,85.80951,6.64653,78192.48851,44162.90106,208359.50000,9281.96094,63473.39552,47459.49120,281657.46875,3606.21924,-1.09231,0.05331,-0.95315,-1.25381,0.83184,0.05948,0.94373,0.67900,1.80374,0.16335,2.00000,1.39362,-5.16898,0.14896,-4.78741,-5.53057,5.24017,0.36936,6.08941,4.24835,5.24017,0.36936,6.08941,4.24835,3.16180,0.15311,3.54556,2.85336,17.87084,2.61172,26.62568,13.29583,-6.41791,1.21345,-3.72682,-11.13994,-0.02817,0.03861,0.05840,-0.12165,1.58835,0.06659,1.70547,1.41411,2.80156,0.09236,3.04145,2.57860,-6.22674,0.36222,-4.06020,-7.08449
63,12.182140588760376,16800,6288.58409,-42.91334,1962.75037,0.52438,10.97953,0.67329,0.00000,-172.96110,0.00000,3.28475,1.13723,7.17903,0.49288,0.07820,0.00156,0.08093,0.07581,4.97025,1.44382,8.45580,2.40250,-218.35859,22.96041,-157.60828,-280.32764,566.76277,308.63278,2006.09351,140.31610,474.40334,323.95058,2114.82275,101.95303,32.72789,16.68648,93.75319,7.83832,90409.16143,62197.72848,345970.81250,14320.08984,67131.74629,44024.93607,214891.87500,7522.31934,-1.10197,0.08529,-0.88795,-1.26657,0.81723,0.04386,0.97351,0.69883,1.82269,0.19893,2.00000,1.35162,-5.18427,0.14933,-4.01110,-5.43515,5.95115,0.56861,7.29721,4.93322,5.95115,0.56861,7.29721,4.93322,3.28210,0.26548,3.89675,2.62572,18.45435,2.22416,24.06318,13.60862,-6.55947,1.33664,-3.51458,-11.04302,-0.08697,0.04293,0.00757,-0.19954,1.68875,0.08971,1.84329,1.48392,2.97668,0.12113,3.23780,2.71449,-5.82346,0.43584,-4.07948,-6.55237
64,12.19454574584961,17000,6273.52113,-50.88054,1962.20078,0.53638,10.98304,0.66876,0.00000,-173.84526,0.00000,3.41382,1.22188,7.11129,0.72797,0.08376,0.00159,0.08641,0.08096,4.87752,1.44750,7.15031,1.19060,-242.72173,23.67636,-195.23868,-318.64075,557.52597,356.30686,2264.50635,144.64584,474.01418,359.33741,2158.42993,105.84505,35.21718,14.00949,88.10500,8.22970,108788.15158,64096.20207,286486.93750,4706.17139,86048.55415,55380.72385,265295.90625,8458.92383,-1.09666,0.09250,-0.89170,-1.30536,0.82949,0.03887,0.91761,0.73752,1.41983,0.30935,2.00000,0.54961,-5.19051,0.15357,-4.82320,-5.58013,5.96583,0.58148,6.87674,4.48248,5.96583,0.58148,6.87674,4.48248,3.59385,0.14968,3.91416,3.24351,16.11137,1.45347,22.22849,13.23373,-6.58094,1.19483,-3.54082,-11.97879,0.01767,0.09781,0.21304,-0.18119,1.68900,0.09642,1.87515,1.45917,3.16686,0.10941,3.33128,2.92689,-4.36078,0.31642,-3.55791,-5.16430
65,12.126402854919434,17200,6255.07523,-51.46347,1955.38081,0.51846,10.93755,0.66497,0.00000,-178.55722,0.00000,3.42546,1.25564,8.14957,0.47377,0.08962,0.00185,0.09249,0.08644,5.04063,1.73009,9.38813,1.32910,-264.92547,27.02965,-210.33862,-366.09222,639.87110,442.81749,2466.80005,170.09616,543.84058,434.55404,2257.85742,112.00259,38.65169,17.15304,116.73457,12.07043,112862.50750,76779.44470,379619.65625,14143.81250,93165.43319,59378.09621,303441.93750,7059.95996,-1.15477,0.09121,-0.95036,-1.31371,0.81005,0.05728,0.96586,0.69210,1.00642,0.27007,1.38838,0.43133,-5.39568,0.18469,-5.00769,-5.71337,6.08702,0.71193,7.89389,4.55820,6.08702,0.71193,7.89389,4.55820,3.53608,0.20376,4.03859,3.14611,16.14855,2.39554,23.86464,13.22829,-6.51126,1.33041,-4.36170,-12.93210,0.06474,0.08983,0.18670,-0.15145,1.66232,0.13087,1.92677,1.42562,3.08667,0.18356,3.53704,2.79431,-4.37613,0.44366,-3.55399,-5.68785
66,12.207911014556885,17400,6242.98145,-53.07536,1954.57528,0.52593,11.01710,0.65876,0.00000,-175.40796,0.00000,3.38133,1.19684,6.75232,0.77195,0.09462,0.00134,0.09686,0.09251,3.43307,1.95144,7.58299,-1.18012,-280.08518,26.80469,-206.04268,-355.35733,814.80026,493.16793,3074.84863,210.90149,626.79876,413.12278,2079.22534,148.95229,45.02471,21.88760,130.15811,11.72600,159947.85839,114260.10646,573585.00000,13922.95703,104692.67113,73354.58730,415604.12500,9451.16211,-1.21983,0.10249,-0.99532,-1.43436,0.78072,0.03312,0.88670,0.69699,0.61680,0.11686,0.85439,0.35291,-5.65313,0.13290,-5.32511,-5.90767,5.45591,0.82802,7.22239,3.49624,5.45591,0.82802,7.22239,3.49624,3.42325,0.10997,3.69357,3.18144,16.85704,2.44022,23.70751,13.29150,-6.44868,1.24976,-3.21949,-11.79431,0.06776,0.09821,0.22622,-0.16362,1.51250,0.09630,1.70025,1.28857,2.74352,0.12228,2.99455,2.48919,-4.52743,0.48234,-3.50060,-5.68532
67,12.228704452514648,17600,6240.05134,-52.11264,1945.86415,0.53704,10.99952,0.68698,0.00000,-166.68228,0.00000,3.29791,1.16384,6.58783,0.40564,0.10002,0.00168,0.10292,0.09689,4.42456,1.68645,8.43702,0.21443,-299.15715,27.25499,-225.33809,-373.96036,798.44315,476.30350,3217.45703,158.16083,645.90197,467.88115,2283.40942,126.59768,57.03428,23.98667,127.72545,13.73186,158218.65078,110928.46078,486250.84375,14693.63086,113513.20191,77847.30213,461604.00000,10849.16211,-1.27843,0.08795,-1.09910,-1.49286,0.81020,0.02887,0.88075,0.73220,0.98558,0.18653,1.25030,0.27796,-5.49155,0.14430,-5.14164,-5.83725,5.91969,0.72520,7.61943,4.09296,5.91969,0.72520,7.61943,4.09296,3.31330,0.11816,3.61660,3.05710,17.69475,2.54352,25.95021,13.37488,-6.17509,1.44944,-2.99847,-12.74592,-0.06440,0.05138,0.03945,-0.18857,1.56789,0.09522,1.75585,1.30856,2.66178,0.11631,2.92606,2.44977,-4.31813,0.27533,-3.59191,-5.15906
68,12.177375555038452,17800,6237.02926,-50.02282,1945.18469,0.52433,10.96063,0.68740,0.00000,-154.33059,0.00000,3.20681,1.23347,8.14249,0.52830,0.10668,0.00236,0.11079,0.10295,5.37920,1.27270,8.26293,2.56547,-319.84210,28.11027,-254.56625,-406.10840,796.14005,572.52587,5296.28613,195.71265,785.28918,626.68444,5463.57324,152.18704,61.07565,29.77275,217.23016,12.96922,126865.31546,81651.87407,386886.65625,10829.65625,152063.71903,103577.93799,472941.68750,13420.65723,-1.26978,0.09818,-1.07019,-1.47632,0.85919,0.03844,0.94527,0.77081,0.95838,0.14315,1.28029,0.53439,-5.32509,0.19975,-4.91144,-5.77366,6.40400,0.57203,7.70168,5.13483,6.40400,0.57203,7.70168,5.13483,3.36427,0.11883,3.68685,3.02305,18.38023,2.52743,25.68933,13.80644,-6.26304,1.31788,-3.74729,-13.13907,-0.04864,0.06215,0.06941,-0.18893,1.64897,0.07931,1.81141,1.49008,3.33094,0.16588,3.59550,2.94101,-4.55703,0.39771,-4.01664,-5.80754
69,12.253048658370972,18000,6236.18126,-47.24494,1944.61509,0.52825,11.03999,0.67887,0.00000,-161.54113,0.00000,3.24088,1.21898,8.37449,0.12110,0.11489,0.00241,0.11891,0.11082,5.31818,1.39355,8.15037,1.87692,-339.13109,30.38181,-269.87329,-476.76044,1054.67885,715.61795,3986.28589,207.45691,975.99939,693.64342,3321.64600,169.71906,67.03283,24.23619,138.66910,25.44584,194743.99642,147691.61292,851511.25000,13313.72070,199397.01479,125847.17349,596361.00000,13246.66211,-1.24435,0.08768,-1.05640,-1.47712,0.85568,0.03958,0.96253,0.76420,0.86526,0.22847,1.53768,0.46643,-5.07437,0.16956,-3.78663,-5.35135,6.45622,0.64156,7.78563,4.87753,6.45622,0.64156,7.78563,4.87753,3.24084,0.15131,3.67938,2.93472,16.34213,1.94039,23.23990,12.54656,-6.21842,1.22496,-3.42619,-10.88056,0.00701,0.08050,0.11562,-0.24249,1.67153,0.09505,1.88768,1.41769,3.45475,0.13818,3.67778,3.04863,-4.29707,0.28692,-3.59836,-5.13366
70,12.17932939529419,18200,6207.47563,-49.14328,1939.46449,0.52177,10.95290,0.69817,0.00000,-135.85470,0.00000,3.21874,1.23833,7.15554,0.93458,0.12335,0.00254,0.12804,0.11895,5.69822,1.20188,8.44041,3.27923,-362.48840,31.86550,-279.79706,-454.59491,1134.50404,632.35987,3287.39014,246.26651,1095.17066,690.66753,3234.70410,183.58549,75.57265,35.25764,212.70421,16.41683,188168.65941,103387.61926,513841.62500,26011.14844,220031.06639,152589.31322,913425.25000,18864.76953,-1.27105,0.08205,-1.05356,-1.43184,0.87780,0.04977,0.99661,0.76664,0.84322,0.21261,1.24552,0.38368,-5.10721,0.17037,-4.70204,-5.44582,6.72326,0.57937,8.07712,5.56899,6.72326,0.57937,8.07712,5.56899,3.40072,0.16709,3.77666,3.03327,16.23421,1.70697,22.42728,12.80538,-6.22491,1.39240,-3.13552,-12.15300,-0.07034,0.05528,0.04362,-0.23406,1.69294,0.07467,1.84649,1.54390,3.47732,0.15576,3.80775,3.11852,-3.99141,0.12238,-3.68775,-4.27241
71,12.17273211479187,18400,6199.23149,-42.64652,1938.81516,0.53054,10.94667,0.68932,0.00000,-148.84394,0.00000,3.16768,1.11258,7.22416,0.78319,0.13264,0.00267,0.13720,0.12810,5.23727,1.26242,8.08487,2.61386,-384.16216,30.87079,-303.73740,-468.22168,1250.28575,743.57854,3540.51367,227.90024,1110.97065,799.06008,3489.26440,165.90767,53.77902,25.10128,170.03238,15.78586,237171.75854,139218.56143,706221.18750,21315.96289,185394.23490,135177.37203,796107.37500,12461.01270,-1.23607,0.08394,-1.06000,-1.45047,0.81635,0.03599,0.91650,0.74956,0.65545,0.20920,1.07205,0.20745,-4.81308,0.12811,-4.55751,-5.08349,6.59124,0.62461,8.05009,5.31501,6.59124,0.62461,8.05009,5.31501,3.33980,0.17815,3.74531,2.86399,15.28744,1.33572,20.91294,12.72644,-6.11010,1.37600,-1.98954,-11.14373,-0.00883,0.07666,0.16976,-0.18314,1.69362,0.07680,1.84801,1.54093,3.40763,0.17196,3.84484,3.12261,-3.96761,0.23059,-3.59498,-4.91306
72,12.227390050888062,18600,5126.48639,-45.73156,1938.31322,0.52157,11.01165,0.68799,0.00000,-173.51365,0.00000,3.08620,1.17870,6.71921,0.44236,0.14251,0.00336,0.14861,0.13723,6.50054,1.41871,9.77487,3.19708,-416.31306,34.46437,-322.29617,-521.93976,1335.61767,824.87335,5010.48828,317.29636,1205.95832,807.76484,4167.84863,313.27582,72.31088,48.16885,297.52292,10.84000,195053.29114,133269.93884,753067.43750,21554.97852,173101.04294,125905.64124,771709.62500,19122.06641,-1.28842,0.07895,-1.09114,-1.44953,0.82507,0.02076,0.89215,0.76986,0.71034,0.22765,1.55293,0.23631,-4.84731,0.08601,-4.56842,-5.04676,7.33971,0.74690,9.01778,5.60957,7.33971,0.74690,9.01778,5.60957,3.53635,0.19494,4.02127,3.12900,16.06164,1.67070,25.32451,13.17291,-5.86616,1.15678,-3.34802,-9.52835,-0.08810,0.05612,-0.00323,-0.22799,1.77666,0.08834,1.94682,1.59539,3.47501,0.16777,3.82389,3.13391,-4.00517,0.23200,-3.54399,-4.71783
73,12.586303234100342,18800,-153.16579,-51.81061,1937.34339,0.52845,11.37365,0.67830,0.00000,-177.39492,0.00000,2.93677,1.14966,6.52706,0.43942,0.15471,0.00350,0.16058,0.14868,6.39763,0.77216,8.07769,4.27684,-444.58160,35.75466,-371.90640,-539.72278,1514.33784,893.92595,5869.45312,426.53876,1406.98359,838.36479,5332.39941,291.34122,62.19251,31.34855,170.21349,14.45566,273783.83236,193228.94585,1144159.50000,22905.39453,281007.57480,183263.11671,781958.25000,22061.79492,-1.21797,0.06320,-1.08704,-1.41495,0.81893,0.03663,0.93516,0.74936,0.96642,0.44484,1.90489,0.23763,-5.08172,0.19483,-4.62005,-5.44311,7.42646,0.40862,8.41281,6.33193,7.42646,0.40862,8.41281,6.33193,3.64103,0.18123,4.16197,3.11057,16.98553,2.81299,30.17126,14.16109,-6.06895,1.36291,-3.00440,-10.85592,-0.01199,0.09355,0.15363,-0.18741,1.83220,0.05965,1.93508,1.66324,3.51293,0.08049,3.66307,3.32040,-4.03034,0.27902,-3.40423,-4.65487
74,12.206591606140137,19000,-149.85825,-53.37039,-35.69777,0.51679,11.02120,0.66340,0.00000,-172.96512,0.00000,2.86655,1.11177,6.23501,-0.02740,0.16627,0.00329,0.17175,0.16064,5.55254,1.19018,7.92500,3.20883,-465.03626,35.59003,-382.28140,-585.02228,1510.43123,874.84254,4757.32520,342.30301,1679.56178,968.98076,5664.41895,342.24261,66.19453,40.14820,238.40294,13.83194,245787.80876,144074.18966,741436.00000,21521.47266,458590.29637,186527.31318,863692.56250,66913.36719,-1.22022,0.08206,-1.02021,-1.40277,0.79818,0.04742,0.89562,0.71089,0.80001,0.35034,1.66582,0.19374,-5.24949,0.15863,-3.71482,-5.45373,7.09267,0.65709,8.39952,5.81723,7.09267,0.65709,8.39952,5.81723,3.58788,0.21769,4.07046,3.09572,17.64405,3.66007,32.85126,13.09689,-5.87658,1.42898,-3.05943,-11.31006,-0.09735,0.11896,0.18841,-0.26756,1.76525,0.08767,1.97162,1.57327,3.30465,0.13777,3.56793,3.03159,-3.71302,0.18297,-3.25816,-4.17282
75,504.2650499343872,19200,-150.22902,-51.43363,-35.02023,0.52144,503.02468,0.71288,0.00000,-89.40979,0.00000,3.01761,1.19935,6.48351,0.43951,0.17862,0.00375,0.18467,0.17179,6.17982,1.43713,9.70859,3.12816,-504.72811,37.65658,-413.34790,-644.22412,2040.90687,1340.20213,6837.09766,496.89062,1825.98976,1288.26772,7342.56494,420.34018,66.17271,34.09774,181.16457,17.77093,479214.14484,297938.11685,1680474.75000,27301.83984,400708.99407,311319.69718,1409222.37500,28348.77930,-1.25179,0.08365,-1.08409,-1.44236,0.79513,0.02230,0.86679,0.74588,0.67924,0.25249,1.28705,0.08107,-5.16580,0.16685,-4.59272,-5.52026,7.58026,0.80192,9.52401,5.84036,7.58026,0.80192,9.52401,5.84036,3.62695,0.18325,4.06840,3.15434,15.75264,0.96573,20.12786,13.51966,-5.47880,1.27119,-2.43857,-9.94335,-0.29631,0.05927,-0.16115,-0.45872,1.81846,0.10083,2.01324,1.62163,3.12067,0.19823,3.43513,2.70896,-3.96580,0.21877,-3.32501,-4.47514
76,12.222161531448364,19400,-147.14868,-28.96746,-35.31514,0.56148,10.98458,0.66978,0.00000,-136.76576,0.00000,2.88858,1.05525,6.06753,0.50657,0.19118,0.00374,0.19762,0.18472,5.68947,1.15216,8.55153,3.42378,-537.32856,36.26287,-453.84253,-646.54773,1915.34089,1091.05039,5918.37158,496.02325,1643.65640,1023.44058,5729.57031,413.25830,72.83296,44.83063,240.82173,11.94439,419986.95439,292549.91767,1173499.50000,27695.29688,358096.59662,239724.91264,1340723.00000,39506.83594,-1.27108,0.06723,-1.12063,-1.39924,0.76835,0.02113,0.81749,0.71819,0.42971,0.17291,0.86556,0.03384,-5.20041,0.16498,-4.55943,-5.55083,7.43612,0.68808,9.10247,6.08259,7.43612,0.68808,9.10247,6.08259,3.58059,0.15897,4.01621,3.25690,15.08759,0.83105,18.37177,13.30784,-5.32198,1.30653,-2.03061,-11.94744,-0.27073,0.06295,-0.17151,-0.46133,1.79292,0.11243,2.05287,1.57599,3.02684,0.17309,3.43210,2.57615,-4.00152,0.22892,-3.49843,-4.62619
77,12.87403917312622,19600,-145.97843,-42.61411,-34.69635,0.52111,11.66905,0.67820,0.00000,-152.09365,0.00000,3.01437,1.22096,7.11008,0.12373,0.20447,0.00415,0.21174,0.19767,5.82520,1.41892,9.77989,2.68318,-580.37465,40.71095,-471.02969,-696.23590,2452.36137,1357.61215,7224.11816,490.49701,1628.01527,1016.27838,5334.08740,463.82471,58.44946,34.37139,213.59184,12.65510,696470.27191,281354.34692,1250590.12500,107883.42188,351371.26170,173475.54952,815202.93750,53319.53516,-1.29812,0.11176,-1.09757,-1.55675,0.77409,0.02492,0.84946,0.72956,0.57093,0.30053,1.39465,0.05888,-5.18781,0.22363,-3.49877,-5.60702,7.67023,0.89789,10.15240,5.66536,7.67023,0.89789,10.15240,5.66536,3.44262,0.14490,3.79550,3.12196,15.25019,0.78618,17.85563,13.29967,-5.28990,1.28834,-2.06955,-9.74091,-0.24538,0.07201,-0.06383,-0.41984,1.82225,0.09994,2.03523,1.60331,3.13433,0.10118,3.36316,2.87042,-3.68847,0.20456,-3.31046,-4.08955
78,12.375454187393188,19800,-147.57231,-46.03628,-34.66337,0.52624,11.15074,0.69258,0.00000,-177.67317,0.00000,2.84715,1.10167,5.92057,0.44645,0.21923,0.00455,0.22767,0.21181,6.10279,1.15170,8.73588,3.32786,-614.85020,40.23147,-511.78729,-732.39862,2202.34704,1312.63196,7895.31250,564.04755,1600.76986,1138.34014,8179.88525,372.67422,73.74475,35.36797,228.15100,14.25095,492992.64900,348911.92427,1362285.37500,44833.80469,265068.33141,159387.28121,874506.87500,45645.11328,-1.31476,0.05639,-1.15405,-1.43563,0.77727,0.02306,0.84002,0.72825,0.62627,0.22624,1.16371,-0.07635,-5.13751,0.17557,-4.68161,-5.54556,8.02598,0.79029,9.87599,6.14631,8.02598,0.79029,9.87599,6.14631,3.38234,0.15418,3.92944,3.09922,14.85793,0.72478,17.01383,13.34241,-5.36646,1.23474,-2.18704,-10.33268,-0.30759,0.05159,-0.18592,-0.42386,1.86222,0.10876,2.10516,1.57918,3.13554,0.13169,3.47930,2.91539,-3.60525,0.10858,-3.40732,-3.84587
79,12.624675035476685,20000,-148.05062,-53.29492,-35.18979,0.59043,11.33841,0.68965,0.00000,-173.55526,0.00000,2.84432,1.13541,6.40557,0.26516,0.23555,0.00466,0.24365,0.22776,5.56618,1.08105,7.91461,2.82406,-654.87532,44.56313,-547.89307,-806.37439,2358.07342,1410.16543,8019.28906,532.33185,2626.62630,1485.15217,7666.37988,592.93915,95.80940,49.09814,315.65866,24.01750,480771.20148,256081.75434,1248304.50000,76933.17188,747968.56561,361704.13674,1644701.50000,61414.82422,-1.27831,0.05666,-1.13796,-1.41123,0.77642,0.02146,0.82565,0.72622,0.62451,0.24718,1.30756,0.25621,-5.14812,0.14894,-4.70314,-5.54174,7.84977,0.74676,9.38374,5.91323,7.84977,0.74676,9.38374,5.91323,3.37930,0.11692,3.77103,3.08170,15.10321,0.95661,18.33054,13.01185,-5.31792,1.13215,-3.13578,-9.79495,-0.29819,0.08232,-0.15619,-0.47848,1.85883,0.09008,2.06069,1.61750,3.26204,0.08503,3.54157,3.00473,-3.72429,0.18208,-3.13241,-4.05499
80,12.524009704589844,20200,-149.62347,-51.93839,-35.36941,0.52699,11.21517,0.77524,0.00000,-154.72886,0.00000,2.81097,1.07690,6.75000,0.34947,0.25166,0.00473,0.25985,0.24372,5.26433,1.11653,7.46416,2.57807,-688.32819,44.99092,-578.34534,-843.87726,3251.60381,1663.53364,9888.77148,514.31067,2328.62359,1405.48668,7890.82324,618.27063,81.86791,38.06261,257.60297,22.00645,913149.81609,385460.91114,1619549.12500,86935.32812,504743.93648,304207.27076,1467272.00000,69918.10156,-1.32813,0.07328,-1.13173,-1.47187,0.77208,0.02710,0.84372,0.71404,0.39690,0.25100,1.17542,0.09171,-5.24248,0.17045,-4.70311,-5.69941,7.81434,0.80966,9.38446,5.86770,7.81434,0.80966,9.38446,5.86770,3.28890,0.13159,3.63735,2.87939,15.00920,0.87065,18.01592,13.12266,-5.22980,1.17917,-3.17833,-9.54014,-0.32150,0.06256,-0.18910,-0.52531,1.83211,0.09262,2.05528,1.62716,3.26085,0.09562,3.49518,3.06423,-3.72869,0.12427,-3.49260,-4.00598
81,14.265955448150635,20400,-150.06081,-47.68986,-35.78770,0.56370,12.91917,0.77718,0.00000,-132.64595,0.00000,2.77700,1.19074,7.04021,0.33022,0.26860,0.00499,0.27727,0.25993,5.18711,0.84457,6.58094,3.45919,-732.16198,49.80984,-603.37219,-873.24445,2898.23221,1643.29978,8640.26562,688.04041,2815.31562,1512.07096,8127.18994,602.92645,87.24411,46.51789,318.58121,21.52119,776454.23906,436522.35201,2216982.50000,75015.70312,880882.69781,360592.84838,1673904.00000,164225.57812,-1.33698,0.06884,-1.15398,-1.47691,0.77247,0.02305,0.82095,0.70012,0.45168,0.25788,1.09229,0.08662,-5.08793,0.16997,-4.50349,-5.44641,7.94356,0.63392,8.98845,6.61408,7.94356,0.63392,8.98845,6.61408,3.24046,0.12288,3.48558,2.90748,14.79585,0.78658,17.35792,13.08791,-5.27330,1.45317,-3.19602,-14.27217,-0.36203,0.06318,-0.23288,-0.52382,1.84822,0.06614,1.97326,1.70679,3.45367,0.15132,3.77669,3.19248,-3.89695,0.07411,-3.72047,-4.08461
82,15.518233060836792,20600,-150.40224,-41.64048,-35.90554,0.62606,14.12347,0.76157,0.00000,-108.91950,0.00000,2.72594,1.11512,5.90515,0.21692,0.28706,0.00548,0.29644,0.27737,5.17888,0.70837,6.80929,3.62955,-770.27630,48.53057,-675.31848,-915.26648,2396.67315,1384.24843,8089.72803,666.18536,2897.58490,1471.17876,8515.32422,722.22058,100.96150,48.91004,284.25024,23.98588,522998.98428,272024.65932,1307334.37500,55483.44922,918271.92703,370006.31115,1676258.50000,157964.90625,-1.34123,0.03970,-1.22236,-1.45503,0.76870,0.02690,0.83003,0.71165,0.52257,0.19230,1.02940,0.11636,-4.94526,0.14429,-4.54301,-5.29714,8.14497,0.53958,9.31866,6.88975,8.14497,0.53958,9.31866,6.88975,3.11511,0.12343,3.45827,2.70368,14.45180,0.74738,16.86425,12.84178,-5.13156,1.11369,-2.64137,-10.54418,-0.34775,0.04181,-0.26215,-0.44971,1.86946,0.06331,2.01161,1.73475,3.47718,0.10865,3.78052,3.26740,-3.89973,0.07225,-3.73274,-4.06985
83,14.002539157867432,20800,-152.37095,-34.86655,-36.06184,0.56338,12.70475,0.72852,0.00000,-111.59305,0.00000,2.66669,1.15114,5.86309,0.22850,0.30658,0.00587,0.31687,0.29654,5.00861,0.50486,6.03598,3.63799,-806.42886,47.85978,-690.92841,-934.93396,2811.08883,1924.71464,13244.31250,669.86505,3320.57725,2050.09542,14320.22363,854.61737,112.86274,50.85335,277.14127,21.78625,582190.14721,329595.83324,1616559.25000,62405.50391,954328.93191,405787.59859,1905079.25000,106299.66406,-1.34125,0.03949,-1.23778,-1.42166,0.79488,0.01341,0.82452,0.75510,0.71479,0.27173,1.44849,0.24104,-4.88539,0.12024,-4.46029,-5.15105,8.23497,0.42732,9.19923,7.08712,8.23497,0.42732,9.19923,7.08712,3.19498,0.16287,3.69756,2.84625,14.80859,0.85764,17.90668,13.36561,-5.05577,1.10450,-2.65978,-9.51887,-0.35741,0.06031,-0.17463,-0.43770,1.88257,0.05582,2.01227,1.75853,3.41968,0.12634,3.72805,3.18564,-3.97336,0.06980,-3.83070,-4.14672
84,12.93361759185791,21000,-152.94601,-35.78282,-36.50835,0.53435,11.63916,0.75425,0.00000,-177.75818,0.00000,2.62853,1.02496,5.33152,-0.05337,0.32751,0.00626,0.33852,0.31697,4.81328,0.59781,6.60277,3.75269,-847.21477,50.03540,-701.05548,-983.65710,2983.63200,1694.63593,9729.63086,882.55157,3413.43799,1859.78871,12583.22656,1006.32483,101.03163,45.78077,254.40340,22.70972,673669.77164,311256.31715,1391336.87500,76761.56250,951132.22477,401371.16391,1860139.75000,154979.45312,-1.30762,0.04260,-1.20911,-1.38612,0.78908,0.02010,0.83660,0.74316,0.52176,0.21687,1.07706,0.11254,-4.75148,0.14766,-3.96051,-5.05940,8.31253,0.55030,9.88272,7.41340,8.31253,0.55030,9.88272,7.41340,3.22057,0.13875,3.65549,2.95439,15.17209,0.90407,18.28672,13.61464,-4.93198,1.01880,-2.83662,-9.71166,-0.28408,0.05681,-0.14249,-0.45938,1.91669,0.07169,2.12439,1.78778,3.41174,0.10501,3.66871,3.15832,-3.93903,0.09686,-3.73858,-4.25362
85,12.668220520019531,21200,-157.07239,-53.57029,-36.70327,0.55165,11.40488,0.70573,0.00000,-177.39324,0.00000,2.79176,1.11806,5.92785,0.45291,0.34914,0.00599,0.35976,0.33864,4.18710,0.51447,5.59817,2.99042,-891.95394,46.72814,-795.33173,-1023.36719,3437.29339,2056.85050,12849.89160,1048.71155,3125.34298,1982.08621,11005.45117,919.57922,104.16289,53.28845,356.22324,15.79058,755663.85859,291065.73463,1591586.75000,129886.03125,572230.36350,295079.37794,1285291.50000,60204.51172,-1.37250,0.05953,-1.19507,-1.51998,0.78896,0.02326,0.85301,0.74404,0.61365,0.29832,1.35410,0.00723,-4.47115,0.23345,-3.82902,-4.93541,7.97768,0.48428,9.22114,6.82066,7.97768,0.48428,9.22114,6.82066,2.91030,0.18649,3.59004,2.61150,13.92284,1.09728,17.15258,12.17349,-5.01204,1.13465,-2.76545,-11.21618,-0.21433,0.07954,-0.02086,-0.36833,1.81921,0.07155,1.99063,1.67632,3.20391,0.21250,3.71450,2.86524,-3.65047,0.11405,-3.37557,-3.90281
86,13.057435512542725,21400,-157.15568,-53.27062,-37.64838,0.52637,11.82639,0.69953,0.00000,-177.07939,0.00000,2.82495,1.06235,5.70697,0.48568,0.37163,0.00693,0.38353,0.35987,4.21572,0.47475,5.31075,3.23331,-944.50840,47.90523,-815.62354,-1072.55078,3259.76145,2025.21621,12554.11621,846.63428,2919.16374,1965.98712,12450.75488,768.33740,87.77701,41.69584,244.71922,26.13531,731905.91785,342227.39801,1819944.00000,69115.75000,609663.92543,280692.24105,1256327.00000,94192.42188,-1.40686,0.04294,-1.31371,-1.51313,0.79288,0.01773,0.83849,0.75928,0.59948,0.20998,1.09868,0.09268,-4.29094,0.12054,-3.89816,-4.63340,8.25579,0.46079,9.27341,7.22693,8.25579,0.46079,9.27341,7.22693,2.92635,0.09976,3.19771,2.58277,13.73147,0.57394,16.18349,12.49055,-4.93517,1.02235,-3.08771,-8.71961,-0.21948,0.04227,-0.14491,-0.31105,1.84469,0.05189,1.96296,1.72968,3.30306,0.12385,3.57093,3.00513,-3.64241,0.09840,-3.42715,-3.84022
87,12.256297826766968,21600,-156.77628,-53.13395,-37.68195,0.56276,10.98018,0.70814,0.00000,-177.03724,0.00000,2.81434,0.99226,6.77169,0.43846,0.39522,0.00679,0.40699,0.38364,3.67861,0.41313,4.47201,2.74187,-976.84808,50.08515,-835.29395,-1145.81848,3990.96656,2255.50402,13043.70703,1089.43506,3200.13894,1986.46896,12016.96289,1006.71600,111.03546,67.85523,388.93619,23.39472,971971.87211,565681.67816,2656917.25000,106021.85938,701096.12219,342717.71635,2311890.75000,90765.46094,-1.39653,0.05400,-1.26510,-1.50363,0.78568,0.01719,0.82232,0.74730,0.54423,0.26643,1.14202,0.08486,-4.32690,0.16306,-3.95514,-4.77475,7.95995,0.43237,8.83290,7.01133,7.95995,0.43237,8.83290,7.01133,2.87305,0.11009,3.16897,2.57894,13.84457,0.79799,16.65590,12.22896,-5.02907,1.09825,-3.02608,-8.41169,-0.17818,0.05265,-0.06376,-0.30117,1.80586,0.04955,1.91475,1.71591,3.11218,0.19598,3.67899,2.75887,-3.52275,0.10111,-3.35633,-3.81139
88,12.468909502029419,21800,-156.91586,-53.09154,-37.74661,0.52583,11.23223,0.70462,0.00000,-177.20611,0.00000,2.63116,1.10471,6.30607,-0.10333,0.41925,0.00696,0.43095,0.40710,3.34106,0.47134,4.19853,2.10826,-1014.50685,51.05902,-888.04883,-1154.16675,3730.37376,2348.45791,14298.56445,1227.39417,3427.90072,2221.47614,13767.38867,926.67297,105.52187,49.83896,270.26917,18.11164,636382.01582,446238.99123,2413902.50000,68014.91406,577652.84598,439480.71765,2410409.75000,50723.71094,-1.37930,0.04315,-1.26899,-1.47320,0.77456,0.03263,0.83618,0.68214,0.39609,0.23294,0.88742,-0.01433,-4.37112,0.15397,-3.96051,-4.99243,7.83763,0.51021,8.80427,6.47688,7.83763,0.51021,8.80427,6.47688,2.80239,0.10551,3.05745,2.52373,14.54112,1.00198,17.07233,11.97049,-4.91020,1.10583,-2.68995,-10.60483,-0.12655,0.04813,-0.03005,-0.23384,1.79886,0.06162,1.92113,1.63603,3.19850,0.19831,3.67855,2.83432,-3.51541,0.14639,-3.17692,-3.80382
